portfolio,model,var5,var1,cvar5,probability_drawdown_10pct
equal_weight,factor_ddpm_stress,-0.27291743935596435,-0.37933289870485454,-0.3551634222958516,0.7307692307692307
equal_weight,factor_ddpm_base,-0.22454436747045795,-0.23717801330700725,-0.23733402950510388,0.6666666666666666
equal_weight,historical_bootstrap_train,-0.12171218683038106,-0.16550670425383043,-0.1592189539770303,0.38461538461538464
equal_weight,gaussian_cov_train,-0.1368604705570566,-0.1756558475384029,-0.16215330274016032,0.38461538461538464
equal_weight,t_copula_train,-0.16418368194053112,-0.21270514574288416,-0.19826089718955126,0.5384615384615384
equal_weight,filtered_historical_simulation_train,-0.16522061428432752,-0.19427906820875646,-0.18915736137952124,0.4230769230769231
equal_weight,gaussian_factor_same_calibration_stack,-0.1709773871554774,-0.22563527872037648,-0.21042820288452044,0.358974358974359
equal_weight,factor_ddpm_stress_uncalibrated,-0.25106342288487404,-0.33746920364749977,-0.3183058350857409,0.6923076923076923
equal_weight,factor_ddpm_base_uncalibrated,-0.20403466237172735,-0.2117336441999481,-0.21012596718820478,0.5641025641025641
random_dirichlet_01,factor_ddpm_stress,-0.2773473985734798,-0.3878052329827668,-0.3599809828267424,0.7307692307692307
random_dirichlet_01,factor_ddpm_base,-0.22799032050962736,-0.24036408714859844,-0.2404268834339415,0.6538461538461539
random_dirichlet_01,historical_bootstrap_train,-0.12760133040017899,-0.16875872552423155,-0.16450022225669755,0.3974358974358974
random_dirichlet_01,gaussian_cov_train,-0.1357491845637324,-0.17039644666916845,-0.15966036278087378,0.3974358974358974
random_dirichlet_01,t_copula_train,-0.16976695965285607,-0.21937890326790332,-0.20327613950520693,0.5512820512820513
random_dirichlet_01,filtered_historical_simulation_train,-0.17332395601426942,-0.191938086644337,-0.1890122184501996,0.4230769230769231
random_dirichlet_01,gaussian_factor_same_calibration_stack,-0.16714252753908368,-0.2236363464936017,-0.21020430244362032,0.358974358974359
random_dirichlet_01,factor_ddpm_stress_uncalibrated,-0.2572761205648888,-0.3412636513900376,-0.3222812333234477,0.7051282051282052
random_dirichlet_01,factor_ddpm_base_uncalibrated,-0.2079563564377489,-0.21254632820890992,-0.2114387312668804,0.5512820512820513
random_dirichlet_02,factor_ddpm_stress,-0.2576403241656026,-0.3670502069698639,-0.3476700632895565,0.7307692307692307
random_dirichlet_02,factor_ddpm_base,-0.21527175727048303,-0.24066290221670353,-0.23570117776662253,0.6410256410256411
random_dirichlet_02,historical_bootstrap_train,-0.12191347212982372,-0.16069096959611812,-0.15344221432211982,0.3717948717948718
random_dirichlet_02,gaussian_cov_train,-0.1366354961684998,-0.17407513071073694,-0.16339253456860692,0.38461538461538464
random_dirichlet_02,t_copula_train,-0.16334907234147136,-0.20898915932403303,-0.19601232747445974,0.5512820512820513
random_dirichlet_02,filtered_historical_simulation_train,-0.16491629439161612,-0.1932522171091033,-0.18773000931763964,0.3974358974358974
random_dirichlet_02,gaussian_factor_same_calibration_stack,-0.1698771262708126,-0.22547641817509628,-0.20723925750352576,0.32051282051282054
random_dirichlet_02,factor_ddpm_stress_uncalibrated,-0.22892637330492016,-0.3193254133347651,-0.3102791276750771,0.6410256410256411
random_dirichlet_02,factor_ddpm_base_uncalibrated,-0.19210008395561004,-0.2162802351834684,-0.20902654260753134,0.5384615384615384
random_dirichlet_03,factor_ddpm_stress,-0.25457339429285475,-0.3619760612938442,-0.3367807190286669,0.717948717948718
random_dirichlet_03,factor_ddpm_base,-0.21064537765545127,-0.22056823160323555,-0.22019737715963816,0.6153846153846154
random_dirichlet_03,historical_bootstrap_train,-0.12117995915812903,-0.16681571690237054,-0.15774161704245065,0.38461538461538464
random_dirichlet_03,gaussian_cov_train,-0.13673899648425716,-0.1691146891754737,-0.1612924517496555,0.38461538461538464
random_dirichlet_03,t_copula_train,-0.16573320605235223,-0.21279513747512233,-0.19588312781672565,0.5512820512820513
random_dirichlet_03,filtered_historical_simulation_train,-0.16999519172205454,-0.19191645522259573,-0.1885497911489682,0.41025641025641024
random_dirichlet_03,gaussian_factor_same_calibration_stack,-0.1677589354230858,-0.22423229665149913,-0.20950665795161977,0.38461538461538464
random_dirichlet_03,factor_ddpm_stress_uncalibrated,-0.23467555791647343,-0.3160174918785757,-0.2957813261696898,0.6410256410256411
random_dirichlet_03,factor_ddpm_base_uncalibrated,-0.1864249419683241,-0.19598370882075583,-0.1930893629302451,0.5512820512820513
random_dirichlet_04,factor_ddpm_stress,-0.29858998443886503,-0.40693354067966003,-0.3815129356755805,0.7435897435897436
random_dirichlet_04,factor_ddpm_base,-0.25144593278105304,-0.26294720373319236,-0.2625067327359144,0.6923076923076923
random_dirichlet_04,historical_bootstrap_train,-0.12101578588296796,-0.16247784715828795,-0.15715784906559074,0.3717948717948718
random_dirichlet_04,gaussian_cov_train,-0.13514318555059965,-0.17640007431159974,-0.16247572606739585,0.3717948717948718
random_dirichlet_04,t_copula_train,-0.16448249486323746,-0.21571709249484758,-0.19856603088300795,0.5512820512820513
random_dirichlet_04,filtered_historical_simulation_train,-0.1667767017981662,-0.1895367068423249,-0.18461999822049274,0.3974358974358974
random_dirichlet_04,gaussian_factor_same_calibration_stack,-0.16612440201221942,-0.2239933164694926,-0.20707407903476624,0.358974358974359
random_dirichlet_04,factor_ddpm_stress_uncalibrated,-0.2787492408190947,-0.3706206435288527,-0.35100971959689753,0.6923076923076923
random_dirichlet_04,factor_ddpm_base_uncalibrated,-0.22791539806477434,-0.23934125988210483,-0.237991066049645,0.6282051282051282
random_dirichlet_05,factor_ddpm_stress,-0.2724981969268198,-0.3758590084859888,-0.34483255980541105,0.7051282051282052
random_dirichlet_05,factor_ddpm_base,-0.21594095189877932,-0.23395050878915424,-0.22990955305155605,0.6538461538461539
random_dirichlet_05,historical_bootstrap_train,-0.11574293796053953,-0.16343036913994827,-0.15647566359742254,0.38461538461538464
random_dirichlet_05,gaussian_cov_train,-0.1324932703228189,-0.1766004562939551,-0.16025416815096255,0.34615384615384615
random_dirichlet_05,t_copula_train,-0.1605829383723003,-0.2111025104478543,-0.1974816760436644,0.5256410256410257
random_dirichlet_05,filtered_historical_simulation_train,-0.15901686353057526,-0.19391895621492802,-0.187573777315049,0.3974358974358974
random_dirichlet_05,gaussian_factor_same_calibration_stack,-0.1694965068528902,-0.22269845972005087,-0.20998234146717068,0.3717948717948718
random_dirichlet_05,factor_ddpm_stress_uncalibrated,-0.2541003163413919,-0.343094819177465,-0.3092546205326661,0.6794871794871795
random_dirichlet_05,factor_ddpm_base_uncalibrated,-0.20035090707793918,-0.21617035871626972,-0.21263133199103035,0.5769230769230769
random_dirichlet_06,factor_ddpm_stress,-0.2733888909699364,-0.39058872369995445,-0.363899254166591,0.7307692307692307
random_dirichlet_06,factor_ddpm_base,-0.22257790535794325,-0.24794173760396265,-0.24221558364757909,0.6666666666666666
random_dirichlet_06,historical_bootstrap_train,-0.12438729302767795,-0.16420097876574194,-0.16060798677943586,0.38461538461538464
random_dirichlet_06,gaussian_cov_train,-0.1360118647699728,-0.1767277623465192,-0.16148849681907246,0.38461538461538464
random_dirichlet_06,t_copula_train,-0.16469833720771904,-0.21413163164530627,-0.1976391810615473,0.5256410256410257
random_dirichlet_06,filtered_historical_simulation_train,-0.1613721570465316,-0.19367199204669341,-0.18461493253500846,0.44871794871794873
random_dirichlet_06,gaussian_factor_same_calibration_stack,-0.17704427254858607,-0.22026296422479746,-0.20810359477453627,0.34615384615384615
random_dirichlet_06,factor_ddpm_stress_uncalibrated,-0.2543154793222258,-0.3503490076512279,-0.3285514955964512,0.7051282051282052
random_dirichlet_06,factor_ddpm_base_uncalibrated,-0.2004870931999021,-0.22324292822810327,-0.2168548506605113,0.6025641025641025
random_dirichlet_07,factor_ddpm_stress,-0.26469135125853055,-0.3560982907852614,-0.3355341128273579,0.7051282051282052
random_dirichlet_07,factor_ddpm_base,-0.21461037021144957,-0.22472065288148926,-0.2212114108992282,0.6282051282051282
random_dirichlet_07,historical_bootstrap_train,-0.12619914941756907,-0.16835132666019864,-0.15860491257041148,0.3717948717948718
random_dirichlet_07,gaussian_cov_train,-0.13900435664714325,-0.1758902079239195,-0.16425455499822053,0.38461538461538464
random_dirichlet_07,t_copula_train,-0.16702568824012604,-0.2154783363370388,-0.1984266549735559,0.5384615384615384
random_dirichlet_07,filtered_historical_simulation_train,-0.16438914497490978,-0.19549973009122465,-0.19080157477267357,0.41025641025641024
random_dirichlet_07,gaussian_factor_same_calibration_stack,-0.16666356180343903,-0.2274198931594232,-0.21179486588678686,0.34615384615384615
random_dirichlet_07,factor_ddpm_stress_uncalibrated,-0.2450415318955466,-0.3119712115776388,-0.2939615505968712,0.6666666666666666
random_dirichlet_07,factor_ddpm_base_uncalibrated,-0.1921356673295685,-0.19671609886864705,-0.19550449209009818,0.5641025641025641
random_dirichlet_08,factor_ddpm_stress,-0.26880865070557436,-0.3875605266657612,-0.36017525030479125,0.7307692307692307
random_dirichlet_08,factor_ddpm_base,-0.22648196250882746,-0.25552588555384753,-0.24457108691506071,0.6666666666666666
random_dirichlet_08,historical_bootstrap_train,-0.11766334725117505,-0.1620787187540979,-0.15494820207009397,0.3974358974358974
random_dirichlet_08,gaussian_cov_train,-0.13754497046134642,-0.17030916326420725,-0.15898967068204523,0.38461538461538464
random_dirichlet_08,t_copula_train,-0.16513582488434064,-0.21230784968427693,-0.19815322350780587,0.5256410256410257
random_dirichlet_08,filtered_historical_simulation_train,-0.16643434293501133,-0.1973245090716599,-0.19041099317265148,0.41025641025641024
random_dirichlet_08,gaussian_factor_same_calibration_stack,-0.17322462046508408,-0.22165859383598838,-0.21179211750102309,0.3717948717948718
random_dirichlet_08,factor_ddpm_stress_uncalibrated,-0.24671088833440344,-0.3528792664309709,-0.32386076942828657,0.6923076923076923
random_dirichlet_08,factor_ddpm_base_uncalibrated,-0.200371613740417,-0.2287196944210716,-0.22178435779632244,0.6025641025641025
random_dirichlet_09,factor_ddpm_stress,-0.26947189774667013,-0.3664727954050842,-0.3574866468318213,0.717948717948718
random_dirichlet_09,factor_ddpm_base,-0.22461456278428565,-0.24595170094174865,-0.24093862976871352,0.6410256410256411
random_dirichlet_09,historical_bootstrap_train,-0.12569848120324698,-0.1658722045008513,-0.16032611787206913,0.38461538461538464
random_dirichlet_09,gaussian_cov_train,-0.14015372728497583,-0.17867273030429912,-0.1643232243118478,0.38461538461538464
random_dirichlet_09,t_copula_train,-0.16493630082512561,-0.2100365626983795,-0.19655333352447582,0.5384615384615384
random_dirichlet_09,filtered_historical_simulation_train,-0.16396552420313,-0.19250122261453864,-0.18851842328964974,0.4230769230769231
random_dirichlet_09,gaussian_factor_same_calibration_stack,-0.16926418533319715,-0.22542599037152952,-0.20810731304689126,0.34615384615384615
random_dirichlet_09,factor_ddpm_stress_uncalibrated,-0.23364895832745156,-0.33517059204155686,-0.315686760139936,0.6282051282051282
random_dirichlet_09,factor_ddpm_base_uncalibrated,-0.19552998007659733,-0.21596214329200017,-0.2110741613462173,0.5128205128205128
random_dirichlet_10,factor_ddpm_stress,-0.30742567665098436,-0.4115941332283717,-0.38702559712028295,0.7692307692307693
random_dirichlet_10,factor_ddpm_base,-0.24968598977501397,-0.271922718344527,-0.2645622032303311,0.6666666666666666
random_dirichlet_10,historical_bootstrap_train,-0.12308462933912971,-0.17256995723643562,-0.16613039105492525,0.4230769230769231
random_dirichlet_10,gaussian_cov_train,-0.13963002446051617,-0.17840484034890758,-0.16400018993886115,0.4358974358974359
random_dirichlet_10,t_copula_train,-0.17127596362703548,-0.21734469326874295,-0.20180462898310375,0.5641025641025641
random_dirichlet_10,filtered_historical_simulation_train,-0.16739601518045247,-0.19652222610295536,-0.1932802954890488,0.4230769230769231
random_dirichlet_10,gaussian_factor_same_calibration_stack,-0.17188844228684205,-0.22774724287017967,-0.20994796340769967,0.3717948717948718
random_dirichlet_10,factor_ddpm_stress_uncalibrated,-0.2844705129544532,-0.37190754317588937,-0.35640014570902245,0.7307692307692307
random_dirichlet_10,factor_ddpm_base_uncalibrated,-0.22568970009265057,-0.24567007615268646,-0.23989101906089202,0.6282051282051282
random_dirichlet_11,factor_ddpm_stress,-0.2631973172105694,-0.3684326577539989,-0.3525641062693524,0.7307692307692307
random_dirichlet_11,factor_ddpm_base,-0.21756005081353705,-0.2362859692545714,-0.23267363494783433,0.6410256410256411
random_dirichlet_11,historical_bootstrap_train,-0.12041102020014789,-0.1636859768516582,-0.15687022829472616,0.4230769230769231
random_dirichlet_11,gaussian_cov_train,-0.14261911232134122,-0.17418694530037598,-0.16222780218229968,0.3717948717948718
random_dirichlet_11,t_copula_train,-0.16466130835865397,-0.21653354224116797,-0.19945060844296186,0.5256410256410257
random_dirichlet_11,filtered_historical_simulation_train,-0.1623676132975321,-0.19234118645623494,-0.1871187703716931,0.4358974358974359
random_dirichlet_11,gaussian_factor_same_calibration_stack,-0.16779441040759138,-0.22762578308579978,-0.20870461378948282,0.3333333333333333
random_dirichlet_11,factor_ddpm_stress_uncalibrated,-0.23505186430083375,-0.3263420589503205,-0.3088767159469973,0.6410256410256411
random_dirichlet_11,factor_ddpm_base_uncalibrated,-0.19086857938410837,-0.2085900797982529,-0.20306188791031335,0.5512820512820513
random_dirichlet_12,factor_ddpm_stress,-0.2807004799377209,-0.3903378392975485,-0.37017688855560227,0.7307692307692307
random_dirichlet_12,factor_ddpm_base,-0.22897079750034363,-0.2483418906904436,-0.2446171345918912,0.6410256410256411
random_dirichlet_12,historical_bootstrap_train,-0.12237601765637324,-0.1633889930419589,-0.15891208404407642,0.38461538461538464
random_dirichlet_12,gaussian_cov_train,-0.13780565653041255,-0.17491186413636872,-0.16111415233844167,0.38461538461538464
random_dirichlet_12,t_copula_train,-0.15657082785400867,-0.2103712403673183,-0.19644733699166725,0.5256410256410257
random_dirichlet_12,filtered_historical_simulation_train,-0.16324334853448927,-0.19376985600585067,-0.18863476779104726,0.3974358974358974
random_dirichlet_12,gaussian_factor_same_calibration_stack,-0.1743623309445786,-0.21724698356413985,-0.20716519492566848,0.34615384615384615
random_dirichlet_12,factor_ddpm_stress_uncalibrated,-0.25411270341167835,-0.3679235833956074,-0.33769250693523123,0.6794871794871795
random_dirichlet_12,factor_ddpm_base_uncalibrated,-0.20532267692455594,-0.22260513138620525,-0.21841317290649134,0.5769230769230769
random_dirichlet_13,factor_ddpm_stress,-0.3039227720064702,-0.4036563601729711,-0.38947911158339243,0.7692307692307693
random_dirichlet_13,factor_ddpm_base,-0.24626517733341793,-0.26039817016064304,-0.2601010771232857,0.6923076923076923
random_dirichlet_13,historical_bootstrap_train,-0.12143907625657513,-0.16166867067163287,-0.15827899549952767,0.3717948717948718
random_dirichlet_13,gaussian_cov_train,-0.1365026638468254,-0.17652026182838967,-0.1612311991972441,0.3974358974358974
random_dirichlet_13,t_copula_train,-0.16024518206991786,-0.2126654759414251,-0.19491547794216296,0.5512820512820513
random_dirichlet_13,filtered_historical_simulation_train,-0.1627886310812161,-0.19183984074108018,-0.18629645013163848,0.41025641025641024
random_dirichlet_13,gaussian_factor_same_calibration_stack,-0.16977075153709914,-0.22478596883753516,-0.2088208110505136,0.3717948717948718
random_dirichlet_13,factor_ddpm_stress_uncalibrated,-0.27116987658615155,-0.38054352268546654,-0.35545049928209693,0.7435897435897436
random_dirichlet_13,factor_ddpm_base_uncalibrated,-0.21552068939268074,-0.234804133170327,-0.23458400302379134,0.6282051282051282
random_dirichlet_14,factor_ddpm_stress,-0.254668044998091,-0.36232042042229684,-0.34547285812094086,0.717948717948718
random_dirichlet_14,factor_ddpm_base,-0.2080173731338603,-0.23057249499384372,-0.22780949880477397,0.6282051282051282
random_dirichlet_14,historical_bootstrap_train,-0.11786599457903757,-0.1623306755940556,-0.15661666797809348,0.3717948717948718
random_dirichlet_14,gaussian_cov_train,-0.13541995444917057,-0.1789063885370515,-0.16264642657261766,0.358974358974359
random_dirichlet_14,t_copula_train,-0.1594230613015596,-0.20975799718920807,-0.19438323897206983,0.5512820512820513
random_dirichlet_14,filtered_historical_simulation_train,-0.1579685357556451,-0.19132828534327753,-0.18319442641069197,0.4358974358974359
random_dirichlet_14,gaussian_factor_same_calibration_stack,-0.17008182386219686,-0.22366554070209813,-0.20791293188455848,0.3333333333333333
random_dirichlet_14,factor_ddpm_stress_uncalibrated,-0.22640949329429821,-0.31711646705486707,-0.30766746198193956,0.6282051282051282
random_dirichlet_14,factor_ddpm_base_uncalibrated,-0.18405354623349393,-0.2029493467189347,-0.19933840475379275,0.5256410256410257
random_dirichlet_15,factor_ddpm_stress,-0.26882987361844,-0.3668983485722904,-0.3468108804036414,0.7051282051282052
random_dirichlet_15,factor_ddpm_base,-0.21672426803653233,-0.23043592760074436,-0.22719052788168495,0.6282051282051282
random_dirichlet_15,historical_bootstrap_train,-0.12194178527587689,-0.1661097110059007,-0.1626709319368581,0.3717948717948718
random_dirichlet_15,gaussian_cov_train,-0.1402972088947789,-0.17920754139454412,-0.16363776148745388,0.38461538461538464
random_dirichlet_15,t_copula_train,-0.16222987754924306,-0.21274170263159065,-0.19836479075805283,0.5256410256410257
random_dirichlet_15,filtered_historical_simulation_train,-0.1685345075563007,-0.19631731675506353,-0.19061244053050674,0.4230769230769231
random_dirichlet_15,gaussian_factor_same_calibration_stack,-0.17278985486671058,-0.22718994756256838,-0.2109882411451015,0.358974358974359
random_dirichlet_15,factor_ddpm_stress_uncalibrated,-0.24692581966938576,-0.32716218183866014,-0.3101289551194357,0.6666666666666666
random_dirichlet_15,factor_ddpm_base_uncalibrated,-0.19203852598072457,-0.20120430685337448,-0.19942138185818342,0.5384615384615384
random_dirichlet_16,factor_ddpm_stress,-0.2765577034063458,-0.3742541167351999,-0.34385559408330024,0.717948717948718
random_dirichlet_16,factor_ddpm_base,-0.2251447460966032,-0.2369493282613522,-0.23498314409123378,0.6538461538461539
random_dirichlet_16,historical_bootstrap_train,-0.1210981816115114,-0.16261949937090997,-0.155985574008326,0.38461538461538464
random_dirichlet_16,gaussian_cov_train,-0.1353868444993702,-0.17952340263206554,-0.16170774254513562,0.38461538461538464
random_dirichlet_16,t_copula_train,-0.1647039102736431,-0.21031508775954674,-0.19887541350678117,0.5384615384615384
random_dirichlet_16,filtered_historical_simulation_train,-0.16386641128024057,-0.194316671835342,-0.18835284125874055,0.3974358974358974
random_dirichlet_16,gaussian_factor_same_calibration_stack,-0.1719619302778418,-0.22148301658301597,-0.20826093053730552,0.3717948717948718
random_dirichlet_16,factor_ddpm_stress_uncalibrated,-0.25738619424208786,-0.33477660284698224,-0.30457827140952365,0.7051282051282052
random_dirichlet_16,factor_ddpm_base_uncalibrated,-0.1995946514734332,-0.21299560488371463,-0.21131955543722752,0.6025641025641025
random_dirichlet_17,factor_ddpm_stress,-0.27163564419977243,-0.39822248014290446,-0.3650667798186531,0.7307692307692307
random_dirichlet_17,factor_ddpm_base,-0.22631227667005918,-0.2532534250766274,-0.24475551404271528,0.6666666666666666
random_dirichlet_17,historical_bootstrap_train,-0.12328079732975736,-0.16518616210944306,-0.16056156859882129,0.3717948717948718
random_dirichlet_17,gaussian_cov_train,-0.13469548654130042,-0.17430253902350354,-0.1594212403403401,0.38461538461538464
random_dirichlet_17,t_copula_train,-0.16433320704291707,-0.21419072858145038,-0.1991404637651015,0.5384615384615384
random_dirichlet_17,filtered_historical_simulation_train,-0.16888077901411294,-0.19656268497816462,-0.18839452187202707,0.4358974358974359
random_dirichlet_17,gaussian_factor_same_calibration_stack,-0.17338716672698515,-0.22055714472367385,-0.21153359777254285,0.3974358974358974
random_dirichlet_17,factor_ddpm_stress_uncalibrated,-0.25317021056116207,-0.3668740325216647,-0.33299662022809295,0.7051282051282052
random_dirichlet_17,factor_ddpm_base_uncalibrated,-0.20658695678310351,-0.2352958254203239,-0.2225907035928712,0.6025641025641025
random_dirichlet_18,factor_ddpm_stress,-0.2897525623744063,-0.37626084258525866,-0.34936239484726683,0.7307692307692307
random_dirichlet_18,factor_ddpm_base,-0.2287747367904042,-0.23970056066023263,-0.23929871731044436,0.6410256410256411
random_dirichlet_18,historical_bootstrap_train,-0.11638797961935511,-0.1647181390564192,-0.1593340752156175,0.3717948717948718
random_dirichlet_18,gaussian_cov_train,-0.13202858886621455,-0.1721961186515126,-0.15957700355749568,0.3717948717948718
random_dirichlet_18,t_copula_train,-0.16018247346671177,-0.21146690443773095,-0.19996868087750097,0.5512820512820513
random_dirichlet_18,filtered_historical_simulation_train,-0.16679686620067158,-0.1920092345792919,-0.18506412418123017,0.41025641025641024
random_dirichlet_18,gaussian_factor_same_calibration_stack,-0.17173394237480175,-0.2237556633902322,-0.20856588115119323,0.358974358974359
random_dirichlet_18,factor_ddpm_stress_uncalibrated,-0.27332580544718826,-0.33902135936612415,-0.3169192521443982,0.6923076923076923
random_dirichlet_18,factor_ddpm_base_uncalibrated,-0.20453979781402085,-0.2189306704398397,-0.21615631302997648,0.5641025641025641
random_dirichlet_19,factor_ddpm_stress,-0.2639112752000842,-0.362505239519229,-0.3424185061695725,0.7307692307692307
random_dirichlet_19,factor_ddpm_base,-0.2168394749047449,-0.2307922214291702,-0.22987053740702748,0.6538461538461539
random_dirichlet_19,historical_bootstrap_train,-0.1193533305939755,-0.16148676818782964,-0.1569523038558387,0.3717948717948718
random_dirichlet_19,gaussian_cov_train,-0.1401315546576448,-0.1746311093917266,-0.163163481099315,0.3717948717948718
random_dirichlet_19,t_copula_train,-0.16390197939447682,-0.21326374343533186,-0.19693148866916402,0.5384615384615384
random_dirichlet_19,filtered_historical_simulation_train,-0.16364033404367767,-0.18811478994951125,-0.18463057981968814,0.41025641025641024
random_dirichlet_19,gaussian_factor_same_calibration_stack,-0.17099789306564056,-0.2271539030692389,-0.2084803616215824,0.34615384615384615
random_dirichlet_19,factor_ddpm_stress_uncalibrated,-0.23240033415854885,-0.31246319674120526,-0.3033659602543057,0.6282051282051282
random_dirichlet_19,factor_ddpm_base_uncalibrated,-0.1921398374179812,-0.20276622020702195,-0.20110407324348456,0.5256410256410257
random_dirichlet_20,factor_ddpm_stress,-0.26167862564991884,-0.3535142642358013,-0.329648239687698,0.717948717948718
random_dirichlet_20,factor_ddpm_base,-0.20737183998784905,-0.21495696660365324,-0.2139067990835213,0.6153846153846154
random_dirichlet_20,historical_bootstrap_train,-0.12550977705916228,-0.167204156163066,-0.16233242834320494,0.41025641025641024
random_dirichlet_20,gaussian_cov_train,-0.1365196439811171,-0.17967319935811782,-0.16443770425452983,0.4230769230769231
random_dirichlet_20,t_copula_train,-0.16554468910289552,-0.21525796926509255,-0.2003504617539984,0.5512820512820513
random_dirichlet_20,filtered_historical_simulation_train,-0.16723057334814023,-0.1972693383827402,-0.19244610243345037,0.4230769230769231
random_dirichlet_20,gaussian_factor_same_calibration_stack,-0.16474372387876024,-0.22773836618447343,-0.21262682297895363,0.3717948717948718
random_dirichlet_20,factor_ddpm_stress_uncalibrated,-0.2416113384604489,-0.3003801058330926,-0.2856905377884791,0.6538461538461539
random_dirichlet_20,factor_ddpm_base_uncalibrated,-0.17908708552126437,-0.19150442803698822,-0.187651128341912,0.5
random_dirichlet_21,factor_ddpm_stress,-0.2592573938352414,-0.3664391269370255,-0.3547341651713374,0.7307692307692307
random_dirichlet_21,factor_ddpm_base,-0.2176322139409121,-0.24040766289670307,-0.2341712160685733,0.6282051282051282
random_dirichlet_21,historical_bootstrap_train,-0.13184674429233575,-0.17061186489254204,-0.1670390852371741,0.4230769230769231
random_dirichlet_21,gaussian_cov_train,-0.14259745632445728,-0.18364917611430986,-0.1689451970372037,0.46153846153846156
random_dirichlet_21,t_copula_train,-0.1706847377318553,-0.21813998443472504,-0.20597947728672578,0.5512820512820513
random_dirichlet_21,filtered_historical_simulation_train,-0.17500968572393055,-0.19763681179209822,-0.197325390316157,0.44871794871794873
random_dirichlet_21,gaussian_factor_same_calibration_stack,-0.17702973516614975,-0.2356768259452054,-0.218494621353731,0.3974358974358974
random_dirichlet_21,factor_ddpm_stress_uncalibrated,-0.23381074333162857,-0.33389803946703245,-0.3152276192642047,0.6538461538461539
random_dirichlet_21,factor_ddpm_base_uncalibrated,-0.18748571064224423,-0.20450420190231589,-0.20348659600961938,0.5128205128205128
random_dirichlet_22,factor_ddpm_stress,-0.27473040688761974,-0.3734637145976754,-0.35667587808865076,0.7307692307692307
random_dirichlet_22,factor_ddpm_base,-0.21992973309660233,-0.23703562536393694,-0.2345951652465319,0.6410256410256411
random_dirichlet_22,historical_bootstrap_train,-0.11830107667266833,-0.16944588668122654,-0.1572201822716535,0.38461538461538464
random_dirichlet_22,gaussian_cov_train,-0.14066329559864607,-0.16953725407379627,-0.15939328705597422,0.3717948717948718
random_dirichlet_22,t_copula_train,-0.16965019269476872,-0.21111492955667877,-0.19689087736773606,0.5384615384615384
random_dirichlet_22,filtered_historical_simulation_train,-0.16639787815678594,-0.19363892293759136,-0.189730467302707,0.4230769230769231
random_dirichlet_22,gaussian_factor_same_calibration_stack,-0.1670794099789049,-0.22602185924382448,-0.20926072153889877,0.358974358974359
random_dirichlet_22,factor_ddpm_stress_uncalibrated,-0.24990424151330146,-0.3341361247662679,-0.31938189327229805,0.6666666666666666
random_dirichlet_22,factor_ddpm_base_uncalibrated,-0.19580936963518433,-0.20766698288240998,-0.20547244239815504,0.5512820512820513
random_dirichlet_23,factor_ddpm_stress,-0.2813080951868723,-0.3623754105875744,-0.34780190272405775,0.7307692307692307
random_dirichlet_23,factor_ddpm_base,-0.22732738458475546,-0.23817049977352467,-0.2365776804597586,0.6538461538461539
random_dirichlet_23,historical_bootstrap_train,-0.12538930483811656,-0.1659786258870369,-0.15729978261658661,0.38461538461538464
random_dirichlet_23,gaussian_cov_train,-0.1385133949921053,-0.18062859080443605,-0.16643829139988725,0.3974358974358974
random_dirichlet_23,t_copula_train,-0.16341303869275445,-0.21235639517532467,-0.19699839106851258,0.5512820512820513
random_dirichlet_23,filtered_historical_simulation_train,-0.1671526662535228,-0.19497247570064738,-0.18914240662423773,0.4358974358974359
random_dirichlet_23,gaussian_factor_same_calibration_stack,-0.17137383245145407,-0.2303183559792518,-0.21273562765975573,0.3717948717948718
random_dirichlet_23,factor_ddpm_stress_uncalibrated,-0.2602685097327243,-0.3169951531708879,-0.3074639056010793,0.6666666666666666
random_dirichlet_23,factor_ddpm_base_uncalibrated,-0.20371202524857582,-0.21236695902230587,-0.2102194309554796,0.5769230769230769
random_dirichlet_24,factor_ddpm_stress,-0.290263311638816,-0.40111146184698443,-0.38262409827186494,0.7435897435897436
random_dirichlet_24,factor_ddpm_base,-0.23621317832235214,-0.25376370893152306,-0.2523919600081865,0.6538461538461539
random_dirichlet_24,historical_bootstrap_train,-0.12436849506568806,-0.16972250892199417,-0.16212284074411262,0.38461538461538464
random_dirichlet_24,gaussian_cov_train,-0.13564353824783332,-0.18399485599749524,-0.16375012133180422,0.41025641025641024
random_dirichlet_24,t_copula_train,-0.1691548232473282,-0.21169162483477022,-0.19731450606406,0.5384615384615384
random_dirichlet_24,filtered_historical_simulation_train,-0.16804148772580432,-0.19545952037055542,-0.1914345815142368,0.44871794871794873
random_dirichlet_24,gaussian_factor_same_calibration_stack,-0.16748965763257462,-0.2259990956512464,-0.2103837279148946,0.358974358974359
random_dirichlet_24,factor_ddpm_stress_uncalibrated,-0.26590217946158073,-0.37974696813535797,-0.350441605906713,0.6923076923076923
random_dirichlet_24,factor_ddpm_base_uncalibrated,-0.20938629335111017,-0.23007255323165926,-0.2274383774403556,0.5897435897435898
random_dirichlet_25,factor_ddpm_stress,-0.2616035036538697,-0.3800472326000661,-0.35263939842411873,0.7307692307692307
random_dirichlet_25,factor_ddpm_base,-0.22155349098670993,-0.24207180287446792,-0.23386314722897716,0.6666666666666666
random_dirichlet_25,historical_bootstrap_train,-0.12056763328246443,-0.1670974207273394,-0.1598979878543119,0.3717948717948718
random_dirichlet_25,gaussian_cov_train,-0.13693725324509512,-0.17720569130272784,-0.16297085831441038,0.3717948717948718
random_dirichlet_25,t_copula_train,-0.16306753129026919,-0.21678785120348326,-0.19981722182672745,0.5384615384615384
random_dirichlet_25,filtered_historical_simulation_train,-0.16543570654867965,-0.19659976045172076,-0.18951146583542025,0.4230769230769231
random_dirichlet_25,gaussian_factor_same_calibration_stack,-0.17581026269974334,-0.22642706071669558,-0.21280495694240445,0.358974358974359
random_dirichlet_25,factor_ddpm_stress_uncalibrated,-0.2356963081837703,-0.3380432531772464,-0.3129346734221842,0.6794871794871795
random_dirichlet_25,factor_ddpm_base_uncalibrated,-0.19352794741413565,-0.21647510816411444,-0.20834967992838782,0.6025641025641025
random_dirichlet_26,factor_ddpm_stress,-0.27706556216364114,-0.38490219167182127,-0.3517439517043145,0.7307692307692307
random_dirichlet_26,factor_ddpm_base,-0.221281415413649,-0.24306475516455586,-0.2365625657370297,0.6538461538461539
random_dirichlet_26,historical_bootstrap_train,-0.12059868427429497,-0.16276821517654688,-0.15548539685794394,0.3717948717948718
random_dirichlet_26,gaussian_cov_train,-0.1342086349647801,-0.17219973609778422,-0.15909173034404894,0.34615384615384615
random_dirichlet_26,t_copula_train,-0.16534747693679022,-0.21230071058755454,-0.19711262698467227,0.5256410256410257
random_dirichlet_26,filtered_historical_simulation_train,-0.1647549064985121,-0.18796381436740792,-0.18352911832617108,0.41025641025641024
random_dirichlet_26,gaussian_factor_same_calibration_stack,-0.16207833073239694,-0.21898914689492482,-0.2072972549805614,0.358974358974359
random_dirichlet_26,factor_ddpm_stress_uncalibrated,-0.2608005610347326,-0.3469677503877708,-0.31795698503971614,0.7051282051282052
random_dirichlet_26,factor_ddpm_base_uncalibrated,-0.19914032105829665,-0.22086734930870824,-0.21253874233947612,0.5641025641025641
random_dirichlet_27,factor_ddpm_stress,-0.3014343252988634,-0.41917515261919336,-0.3962725624614333,0.8076923076923077
random_dirichlet_27,factor_ddpm_base,-0.2569545889873972,-0.26999148408901824,-0.26832497854451887,0.7307692307692307
random_dirichlet_27,historical_bootstrap_train,-0.12674188387263832,-0.17554295191004082,-0.16917681996405912,0.41025641025641024
random_dirichlet_27,gaussian_cov_train,-0.1415588424318621,-0.18131272061341525,-0.16680410173917923,0.4230769230769231
random_dirichlet_27,t_copula_train,-0.16839798805452766,-0.21989467716139974,-0.20513675007456142,0.5512820512820513
random_dirichlet_27,filtered_historical_simulation_train,-0.17166724021799568,-0.20190378566628878,-0.19500564652388955,0.46153846153846156
random_dirichlet_27,gaussian_factor_same_calibration_stack,-0.17749460304560943,-0.22924589455045674,-0.21653997742477746,0.38461538461538464
random_dirichlet_27,factor_ddpm_stress_uncalibrated,-0.27258669504410415,-0.37913569769563865,-0.3619068123187975,0.782051282051282
random_dirichlet_27,factor_ddpm_base_uncalibrated,-0.23257449299409794,-0.244381555900289,-0.2426456334589857,0.6923076923076923
random_dirichlet_28,factor_ddpm_stress,-0.2580318716540197,-0.35215646196694755,-0.33158751226616223,0.7051282051282052
random_dirichlet_28,factor_ddpm_base,-0.2069560457488708,-0.22294425501352802,-0.2213296871173639,0.6153846153846154
random_dirichlet_28,historical_bootstrap_train,-0.11896193701275143,-0.15942647331408238,-0.15353942463588413,0.38461538461538464
random_dirichlet_28,gaussian_cov_train,-0.13473218178336635,-0.17201252368147718,-0.15872541824406572,0.358974358974359
random_dirichlet_28,t_copula_train,-0.15451216938748488,-0.20922625477817777,-0.1910466666539699,0.5128205128205128
random_dirichlet_28,filtered_historical_simulation_train,-0.16782355010242647,-0.18770197129159305,-0.18672376888502273,0.41025641025641024
random_dirichlet_28,gaussian_factor_same_calibration_stack,-0.16791612556618446,-0.22837054199183843,-0.2088003056451284,0.358974358974359
random_dirichlet_28,factor_ddpm_stress_uncalibrated,-0.2349956537122937,-0.30273727773024384,-0.2895364723343929,0.6282051282051282
random_dirichlet_28,factor_ddpm_base_uncalibrated,-0.17718831981253785,-0.1995180905883862,-0.19321458080288317,0.47435897435897434
random_dirichlet_29,factor_ddpm_stress,-0.2530535378780736,-0.36567470974939414,-0.33852468962686955,0.717948717948718
random_dirichlet_29,factor_ddpm_base,-0.21192655213274905,-0.2301933514504499,-0.22516140535749804,0.6410256410256411
random_dirichlet_29,historical_bootstrap_train,-0.12758879087514038,-0.1615508457237066,-0.1579683767001074,0.38461538461538464
random_dirichlet_29,gaussian_cov_train,-0.13828065358996508,-0.17901777659936174,-0.16631818904936985,0.38461538461538464
random_dirichlet_29,t_copula_train,-0.16581753182243472,-0.21516622832183194,-0.20222524390789945,0.5512820512820513
random_dirichlet_29,filtered_historical_simulation_train,-0.16650358631127324,-0.1958346372692171,-0.18934792898931257,0.4230769230769231
random_dirichlet_29,gaussian_factor_same_calibration_stack,-0.17580167147949025,-0.2320823000020725,-0.21547165017162365,0.3717948717948718
random_dirichlet_29,factor_ddpm_stress_uncalibrated,-0.23255058851064458,-0.32368487085727893,-0.29827313922424986,0.6666666666666666
random_dirichlet_29,factor_ddpm_base_uncalibrated,-0.1872147828591244,-0.205089635473768,-0.19716073891783015,0.5512820512820513
random_dirichlet_30,factor_ddpm_stress,-0.27556339613041364,-0.3795652471450252,-0.34931251445529266,0.7307692307692307
random_dirichlet_30,factor_ddpm_base,-0.22634668765049493,-0.2378147525144551,-0.23693553359865596,0.6538461538461539
random_dirichlet_30,historical_bootstrap_train,-0.12615279523620165,-0.16844710554121287,-0.16356790870047536,0.38461538461538464
random_dirichlet_30,gaussian_cov_train,-0.13357848119814242,-0.17986006012191447,-0.16426278170598016,0.38461538461538464
random_dirichlet_30,t_copula_train,-0.16951889610255486,-0.20883433806363624,-0.19934928185987688,0.5384615384615384
random_dirichlet_30,filtered_historical_simulation_train,-0.16878214920620116,-0.1939180138432367,-0.1910914490170094,0.4358974358974359
random_dirichlet_30,gaussian_factor_same_calibration_stack,-0.17490119989162675,-0.22621532629889404,-0.21328737572234147,0.3717948717948718
random_dirichlet_30,factor_ddpm_stress_uncalibrated,-0.25272553961074345,-0.33793742004104,-0.31188120828957877,0.6794871794871795
random_dirichlet_30,factor_ddpm_base_uncalibrated,-0.1975009521082757,-0.2140859167777539,-0.21220625595556145,0.6025641025641025
random_dirichlet_31,factor_ddpm_stress,-0.2509824861460792,-0.3592779327590986,-0.32869558332512794,0.7051282051282052
random_dirichlet_31,factor_ddpm_base,-0.20294642411793978,-0.2238250608770803,-0.21785235606662054,0.6025641025641025
random_dirichlet_31,historical_bootstrap_train,-0.1186325312385833,-0.16650091240466508,-0.15823424152268742,0.38461538461538464
random_dirichlet_31,gaussian_cov_train,-0.137169752427488,-0.17573992493056723,-0.16099894825114558,0.3717948717948718
random_dirichlet_31,t_copula_train,-0.16388347767728695,-0.20496572010102232,-0.19517167431447244,0.5384615384615384
random_dirichlet_31,filtered_historical_simulation_train,-0.16635059777396694,-0.193099122284751,-0.18824648034554975,0.3974358974358974
random_dirichlet_31,gaussian_factor_same_calibration_stack,-0.17400331870762978,-0.22191557179846155,-0.20765466815969147,0.358974358974359
random_dirichlet_31,factor_ddpm_stress_uncalibrated,-0.2293083185914745,-0.3225687458349162,-0.29180831200714075,0.6282051282051282
random_dirichlet_31,factor_ddpm_base_uncalibrated,-0.18120245949407932,-0.20334824890123804,-0.19467898796108266,0.5256410256410257
random_dirichlet_32,factor_ddpm_stress,-0.29766566360242086,-0.4116366671877805,-0.39627789262882734,0.7692307692307693
random_dirichlet_32,factor_ddpm_base,-0.25045765091423644,-0.26832797047327894,-0.2631738419110971,0.6923076923076923
random_dirichlet_32,historical_bootstrap_train,-0.12596097419472965,-0.16811826874127705,-0.161309818536327,0.3717948717948718
random_dirichlet_32,gaussian_cov_train,-0.14457268182867977,-0.17647268306404418,-0.16601103870589584,0.41025641025641024
random_dirichlet_32,t_copula_train,-0.1649610950549447,-0.22117006067452724,-0.20323587378860802,0.5512820512820513
random_dirichlet_32,filtered_historical_simulation_train,-0.16791599724832154,-0.19737653826571944,-0.19531459760069453,0.44871794871794873
random_dirichlet_32,gaussian_factor_same_calibration_stack,-0.17810685663216785,-0.2258870769862684,-0.21333265377868368,0.358974358974359
random_dirichlet_32,factor_ddpm_stress_uncalibrated,-0.2618024725535285,-0.3836839186007675,-0.36288942865527274,0.6923076923076923
random_dirichlet_32,factor_ddpm_base_uncalibrated,-0.22706065351341775,-0.24134689842646223,-0.23611666544721976,0.6410256410256411
single_name_25%,factor_ddpm_stress,-0.1839052252788962,-0.2911767601947111,-0.24880939460760337,0.6282051282051282
single_name_25%,factor_ddpm_base,-0.1539811859951011,-0.16874656873408503,-0.16860000703171857,0.5128205128205128
single_name_25%,historical_bootstrap_train,-0.16374571608776176,-0.19291615188734915,-0.18783403761456885,0.5512820512820513
single_name_25%,gaussian_cov_train,-0.18305042495972212,-0.20650704853219012,-0.1992801106040535,0.5128205128205128
single_name_25%,t_copula_train,-0.20413059919480042,-0.2345286940350983,-0.22770546132755468,0.6025641025641025
single_name_25%,filtered_historical_simulation_train,-0.2068791036509732,-0.25893968859779015,-0.24848174238402218,0.5
single_name_25%,gaussian_factor_same_calibration_stack,-0.18084554897557503,-0.2846757730890887,-0.25272291467951036,0.5
single_name_25%,factor_ddpm_stress_uncalibrated,-0.15217108464031406,-0.19647761756063362,-0.19116426556958177,0.5641025641025641
single_name_25%,factor_ddpm_base_uncalibrated,-0.1065957323411442,-0.138794979934458,-0.12655571772407664,0.44871794871794873
single_name_40%,factor_ddpm_stress,-0.35793399526185515,-0.48073086884477734,-0.4438959260219596,0.8461538461538461
single_name_40%,factor_ddpm_base,-0.2634815053553383,-0.2999872822336782,-0.2901484864786372,0.8205128205128205
single_name_40%,historical_bootstrap_train,-0.12646809316348845,-0.1776536922156211,-0.16066857571147283,0.717948717948718
single_name_40%,gaussian_cov_train,-0.15693701887672162,-0.18483323032932944,-0.17888521750069972,0.5641025641025641
single_name_40%,t_copula_train,-0.21019015778194594,-0.2632043887681692,-0.25204544698529796,0.6025641025641025
single_name_40%,filtered_historical_simulation_train,-0.2058298779105462,-0.21608584902872185,-0.21360908422313432,0.5384615384615384
single_name_40%,gaussian_factor_same_calibration_stack,-0.1719685319354343,-0.22829697198939847,-0.2220781083325898,0.5
single_name_40%,factor_ddpm_stress_uncalibrated,-0.3423079297738249,-0.4482109209416214,-0.41750818521503397,0.8076923076923077
single_name_40%,factor_ddpm_base_uncalibrated,-0.26371644519778203,-0.3120503255981149,-0.3123208385051044,0.782051282051282
single_name_60%,factor_ddpm_stress,-0.3466637955279535,-0.4222331334728838,-0.3948092496745498,0.9102564102564102
single_name_60%,factor_ddpm_base,-0.3538556195341925,-0.4184500097379655,-0.40228479534937744,0.9358974358974359
single_name_60%,historical_bootstrap_train,-0.16968964548468896,-0.1966837216744848,-0.18964639485892854,0.6794871794871795
single_name_60%,gaussian_cov_train,-0.2202495375448264,-0.24902886535271518,-0.239594856961248,0.6666666666666666
single_name_60%,t_copula_train,-0.24098500491360972,-0.27294260393329883,-0.26809933524305285,0.7051282051282052
single_name_60%,filtered_historical_simulation_train,-0.23462828124679924,-0.2814336435003143,-0.2680842422047459,0.7051282051282052
single_name_60%,gaussian_factor_same_calibration_stack,-0.22405591369128747,-0.3058876877251205,-0.2838483357612096,0.5512820512820513
single_name_60%,factor_ddpm_stress_uncalibrated,-0.352434635841587,-0.43347476074861874,-0.4080392802592653,0.9230769230769231
single_name_60%,factor_ddpm_base_uncalibrated,-0.34584012597865316,-0.418384639560681,-0.40270812574173875,0.8974358974358975
