,0
SMCI,-0.0022820999224980676
INCY,-0.002227122301147098
DXCM,-0.002180597753751846
VRTX,-0.002152956667400542
PCG,-0.0021331124362491427
COHR,-0.0020892364638192317
AMD,-0.0020154816763741632
STX,-0.002010403502555121
MU,-0.001987995987846738
PODD,-0.0019540397893814815
FSLR,-0.0019403659162067234
CSX,-0.0019260305733907793
WDC,-0.0019055874574752084
ALGN,-0.0018986124367940996
REGN,-0.001891578095299857
NSC,-0.001877773375738235
BX,-0.001874466311363947
NRG,-0.001862533177648272
PHM,-0.0018393681162879583
BIIB,-0.001836120230810983
UNP,-0.0018231281212397986
CIEN,-0.0018094837665557863
DHI,-0.0017872804687136697
LEN,-0.0017840022132510232
AKAM,-0.001779238950638544
GLW,-0.0017778537103107998
KKR,-0.001755811203093756
AMP,-0.0016901065905888877
ODFL,-0.0016866895414534072
MET,-0.0016839482954570228
BBY,-0.0016715011426380703
FLEX,-0.0016686429580052694
MS,-0.0016627631017139982
VTRS,-0.0016609931275958108
PRU,-0.0016581509794507709
RF,-0.0016432587589536396
DD,-0.0016347614072618033
BG,-0.0016311399993442356
RCL,-0.0016208789178303311
LOW,-0.0016164160910106843
IVZ,-0.0015960877849942163
EIX,-0.0015859619492576238
HIG,-0.0015847807838803246
PFG,-0.0015833170641036262
COF,-0.0015818417072296143
LYV,-0.0015700832718894596
MRVL,-0.0015700406971431915
MLM,-0.0015665989546548753
F,-0.0015537315890902566
C,-0.001549833445321946
CAT,-0.0015460106588545302
FDX,-0.0015452634720575244
TROW,-0.0015444967008772352
URI,-0.001538374736195519
VMC,-0.001524004624003456
CHRW,-0.0015224751972016835
TPL,-0.001521053058760507
SCHW,-0.0015157634303683328
PSKY,-0.001508264740308126
BEN,-0.0015016271954491026
AIG,-0.0014858525423776536
JBL,-0.0014852102313722883
RJF,-0.001482010881106059
WBD,-0.0014750571477980842
JBHT,-0.001467561721801758
BAC,-0.0014666086151486353
FITB,-0.0014567273003714427
KEY,-0.0014565097434180124
ROP,-0.001452066217150007
JPM,-0.0014451221341178532
HD,-0.0014427579584575835
ADSK,-0.0014411039295650664
DVN,-0.0014248327130363101
TRMB,-0.0014242427689688548
BLK,-0.0014168473936262587
NDAQ,-0.0014155952703385128
ADM,-0.001408299661818005
HPQ,-0.0014063881976263866
TER,-0.0014014641443888347
TDY,-0.001400938630104065
TEL,-0.001394220477058774
DIS,-0.0013926650796617782
GS,-0.0013879141637257169
CME,-0.0013840776114236741
ALB,-0.001381110293524606
A,-0.0013725340366363527
FICO,-0.001365986466407776
IT,-0.0013647458383015225
TMUS,-0.0013529344683601743
PTC,-0.0013412363472438994
ROK,-0.0013397841226486934
SPGI,-0.0013362213259651549
CVS,-0.0013349639517920358
BKR,-0.0013317147890726726
AES,-0.0013308559145246235
EXPD,-0.0013306349515914918
HUBB,-0.0013266786223366147
COP,-0.0013183353912262692
APH,-0.0013136612517493113
FCX,-0.0013126705374036517
ICE,-0.0013121674458185834
ETN,-0.0013052256334395637
TXT,-0.0012994723660605296
V,-0.0012967240242731004
EOG,-0.001294968809400286
DOV,-0.0012891843205406553
MAR,-0.0012872183606738136
MA,-0.0012810606332052323
PKG,-0.0012792577346165976
HBAN,-0.001278511683146159
MSCI,-0.0012746881870996385
PWR,-0.0012663618439719792
CMCSA,-0.0012648792493911017
HON,-0.0012476807548886255
J,-0.0012463048810050603
EMR,-0.0012421386582510813
CF,-0.0012412153539203463
PNC,-0.0012398420345215572
PH,-0.0012381244273412797
MCO,-0.0012367299624851773
MGM,-0.0012277184497742426
DE,-0.0012275566657384237
GILD,-0.0012271215518315634
CMI,-0.0012228941633587794
NVR,-0.001215448265983945
BA,-0.0012127112774621873
TSCO,-0.0012096302849905832
IDXX,-0.0012046799773261661
GD,-0.001202235051563808
UPS,-0.0012020035868599303
SLB,-0.00119513628028688
WFC,-0.001191988019716172
MNST,-0.0011880624152365187
CTSH,-0.0011867121571586246
IEX,-0.0011827952805019562
ALL,-0.0011781432798930577
TKO,-0.0011734018723169963
CRH,-0.0011667045808973768
SWKS,-0.0011650582864170984
STT,-0.0011596244715508961
NUE,-0.001152404220331283
GL,-0.0011509189293498086
CRM,-0.0011455284697668895
NTAP,-0.0011356976060640245
APA,-0.0011270581966354735
PCAR,-0.0011229114873068675
IP,-0.001120476069904509
WAB,-0.0011179403889746895
AFL,-0.0011108875984237308
AON,-0.0011069098398798988
LIN,-0.0011044742096038092
AVGO,-0.0011007371402922132
DHR,-0.0010996152957280477
NTRS,-0.0010957263764880952
BRK-B,-0.0010952908368337723
TECH,-0.0010930579333078294
PPG,-0.001092216940153213
CNC,-0.001088701259522211
TYL,-0.001086228092511495
TFC,-0.0010853483563377745
MRSH,-0.0010843319552285332
APD,-0.0010820314288139345
AME,-0.0010816403088115512
USB,-0.001072336875257038
L,-0.0010610243394261316
CNP,-0.0010554152585211256
PGR,-0.0010544437737691971
WTW,-0.001052787545181456
NVDA,-0.0010506302827880498
CBRE,-0.0010426515624636697
QCOM,-0.001042271157105764
LRCX,-0.0010421672747248697
MOS,-0.0010391751925150554
BNY,-0.0010364880164464316
CCL,-0.001036349009899866
MTB,-0.0010305303193274
BRO,-0.0010221747415406364
AMAT,-0.0010046385583423435
KR,-0.000996969711212885
AXP,-0.000995056898820968
AIZ,-0.0009890320045607432
FISV,-0.000986980682327634
MTD,-0.0009863699475924175
ADBE,-0.0009860683764730182
TGT,-0.0009848136277425857
GEN,-0.000981972614924113
WAT,-0.0009799005729811533
HAL,-0.0009743850146021163
STZ,-0.0009706906619526092
RTX,-0.0009631251295407614
ORLY,-0.0009629250282333011
CRL,-0.000959097913333348
HUM,-0.0009577458813076928
STLD,-0.0009466364270164854
PNR,-0.0009370803833007814
YUM,-0.0009344524570873806
MMM,-0.0009315418345587595
FTNT,-0.0009312340901011513
LMT,-0.0009291235889707294
OKE,-0.0009220822226433528
KLAC,-0.0009194447880699522
ACN,-0.0009158631875401452
NOC,-0.0009127953222819738
CVX,-0.0009115225502422878
HST,-0.0009042473775999888
AJG,-0.0008973966042200725
CI,-0.0008966846125466484
MCK,-0.0008965392197881427
IBKR,-0.0008832859851065137
KDP,-0.0008813946729614622
LVS,-0.0008811648402895247
AVY,-0.0008709366832460677
ON,-0.0008688463341622126
SRE,-0.0008641174151783899
OMC,-0.0008559202154477438
ORCL,-0.0008546203374862672
MPWR,-0.0008535874741418022
GPN,-0.0008464075270153229
RVTY,-0.0008404000884010679
ELV,-0.0008391149696849642
SHW,-0.0008367517164775305
FIS,-0.0008363324261846997
AAPL,-0.0008257569301696052
AMGN,-0.0008243419584773836
GPC,-0.0008216513764290583
SNA,-0.0008185698162941706
RL,-0.0008085823484829495
TXN,-0.0007990812971478418
FDS,-0.00079764404467174
DLTR,-0.0007889926433563233
ITW,-0.0007872685790061951
EME,-0.0007863566279411317
ECL,-0.0007829385853949048
XOM,-0.000778482925324213
OXY,-0.0007682854930559795
CINF,-0.0007631543136778332
CSGP,-0.0007526784425690061
IRM,-0.0007485547236033849
VRSN,-0.0007481506892613003
TT,-0.000744390558628809
WST,-0.0007396400684402103
GOOG,-0.0007369464352017358
TRV,-0.0007364739974339803
TSN,-0.0007243935550962176
GE,-0.0007196396589279175
GOOGL,-0.0007131856821832204
JKHY,-0.0006905174681118557
ADI,-0.0006805066551480975
CTAS,-0.0006724979905855089
TMO,-0.0006548557253110977
VRSK,-0.000638207509404137
SBUX,-0.0006347651282946269
MAS,-0.0006336318595068796
CDNS,-0.0006324764518510728
NDSN,-0.0006272429511660622
IFF,-0.0006161276073682877
DG,-0.0006150984338351659
MCHP,-0.0006138011103584654
EG,-0.0006116269599823726
ROL,-0.0006061699418794541
CSCO,-0.0006048594202314105
MSFT,-0.0006020221681821915
ROST,-0.0005973224838574728
INTC,-0.0005960471573330108
AOS,-0.0005959453327315195
DRI,-0.0005803086927958897
WSM,-0.0005796026970658984
CB,-0.0005772615472475688
CCI,-0.0005690487012976692
COR,-0.0005643871568498158
SWK,-0.0005624087083907355
DPZ,-0.0005455144459293003
LII,-0.0005443836606684186
AZO,-0.0005342239780085428
IBM,-0.000525781015555064
SPG,-0.0005222198509034657
ACGL,-0.0005214228871322814
INTU,-0.0005212420508975074
MCD,-0.0004943340307190305
RMD,-0.00047698964675267543
BMY,-0.0004758421509038835
UNH,-0.0004745032106127058
WRB,-0.0004680036434105465
ULTA,-0.0004641354438804445
NI,-0.00044736926044736596
CPT,-0.00043691293824286694
ATO,-0.00042201631835528787
EQR,-0.0004109271580264682
LUV,-0.00040295716552507315
FFIV,-0.0004025359948476156
EL,-0.00039333193784668336
CAH,-0.00037603676319122317
PSA,-0.0003756497232686906
NKE,-0.00035803608951114475
DAL,-0.00034903149519647874
PPL,-0.00034560954996517727
D,-0.00033695839700244724
ADP,-0.0003358649001235054
UAL,-0.0003352104907944089
UDR,-0.00033137862171445575
SBAC,-0.00032936912916955497
REG,-0.0003280136556852432
LHX,-0.00032509980457169673
SNPS,-0.00032320607985769005
MDLZ,-0.00030490869567507793
TPR,-0.0003003060462928954
WY,-0.0002853663549536751
EVRG,-0.00027584559505894075
BF-B,-0.00027059133918512436
WM,-0.0002693345504147666
WYNN,-0.00024841656642300746
NEE,-0.0002473973447368259
RSG,-0.00023931793513752168
MO,-0.00023640690460091548
TJX,-0.00023600794374942783
KIM,-0.0002251468244053069
PLD,-0.00022183275293736232
SJM,-0.00021999629125708626
LNT,-0.00021172469215733668
EW,-0.00020740241521880742
SW,-0.00020732200216679348
AVB,-0.00020476221328689942
PAYX,-0.00019463091379120237
TAP,-0.0001859194820835477
FAST,-0.00018270835280418397
HSIC,-0.00017768187182290216
PEG,-0.00016865111177875882
WMT,-0.0001662569386618478
ESS,-0.00016610934620811828
WMB,-0.00015018291416622344
GRMN,-0.00014951708061354503
EXR,-0.00014485125208184833
MSI,-0.00013535085710741226
BXP,-0.0001306807977103052
PM,-0.00011989045888185502
STE,-0.0001160377459157081
PFE,-0.00010881612875631878
HAS,-0.00010237531470400947
AEE,-0.0001005371589036215
JCI,-9.890117105983553e-05
CMS,-9.863279050304777e-05
AWK,-9.736523386977969e-05
PEP,-8.010049128816242e-05
COST,-7.990569408450809e-05
TDG,-7.904935628175736e-05
CL,-7.485517611106238e-05
BALL,-7.441995576733635e-05
BR,-7.351466587611607e-05
CASY,-7.215082379324096e-05
SYY,-6.939533299633436e-05
ERIE,-4.936391487717629e-05
DECK,-3.299848176538945e-05
AMT,-2.524207922674361e-05
HWM,-1.6007193231156896e-05
ISRG,1.0717840355244422e-06
FRT,1.7033086069637824e-05
COO,2.040377197166284e-05
EXC,2.1769454525340174e-05
PNW,2.1887457530413355e-05
WEC,2.303330804265681e-05
LULU,4.940722137689591e-05
ES,6.295498904018175e-05
MAA,6.352559264217105e-05
DVA,7.171410446365674e-05
GWW,9.301616145031794e-05
KO,0.0001063657392348562
XEL,0.00010824127211457208
AEP,0.0001117675964321409
HSY,0.0001162211455049969
PG,0.00016403764131523317
DTE,0.00016560166009834835
CPRT,0.0001852226754029592
AMZN,0.00021428581149805163
NFLX,0.0002166584666286196
T,0.00022773881043706623
ETR,0.0002287304827145168
JNJ,0.00022978371097928004
FE,0.00023205124196552096
ED,0.00024228530625502271
CHD,0.00025689662212417244
BSX,0.00031442915399869283
DLR,0.00031838619283267435
ARE,0.00032896537865911217
VZ,0.0003388540021010808
ABT,0.0003513361016909282
HRL,0.00035172119027092346
MKC,0.0003605745732784272
CLX,0.0003650427574203128
EBAY,0.00036974031300771807
MRK,0.00043747755033629284
DUK,0.00044356048816726325
CMG,0.0004950720994245438
SO,0.0005351175154958453
BAX,0.0005816678560915448
VLO,0.0005910786844435193
EQT,0.0006805836444809324
O,0.0007201885183652243
KMB,0.0007268238635290237
TTWO,0.0007569906967026847
UHS,0.0007811694627716428
GIS,0.0007989863554636638
LDOS,0.000806046241805667
EFX,0.0008073241937728156
VTR,0.0009539263589041575
MDT,0.0010154268571308683
LLY,0.0010552456691151574
WELL,0.001065233207884289
EXPE,0.0011918015423275177
BDX,0.0012879866929281327
BKNG,0.001383296364829654
DOC,0.0013852345091956003
SYK,0.001445655595688593
FIX,0.0014624520426704771
NEM,0.0015799698375520254
EA,0.0016898437624885923
BLDR,0.0018918145270574662
EQIX,0.0020004790453683765
LH,0.002177206249464126
DGX,0.0026726206143697106
AXON,0.004904315585181827
