epoch,train_loss,train_denoise_loss,train_factor_corr_loss,train_asset_corr_loss,train_portfolio_tail_loss,valid_selection_metric,valid_selection_score,valid_noise_mse,valid_factor_corr_loss,valid_asset_corr_loss,valid_portfolio_tail_loss,valid_tail_composite,lr,skipped_batches,skip_reasons
1,1.1491173601150513,1.0160398840904237,0.04138451039791107,0.3510933518409729,0.0025571999559178948,valid_tail_composite,1.165734234978171,1.039894700050354,0.05394773776916897,0.3151261841549593,0.006341125350445509,1.165734234978171,1.95e-05,0,{}
2,1.1203029441833496,0.9889004325866699,0.041889478117227555,0.3481092739105225,0.0015818151645362378,valid_tail_composite,1.1634060495039995,1.0397905882667093,0.05425678938627243,0.3099549517912023,0.005706498118610505,1.1634060495039995,3.1e-05,0,{}
3,1.052011866569519,0.9350118660926818,0.040324328541755675,0.30859426021575925,0.0012361659528687596,valid_tail_composite,1.1642723504234762,1.0392052566303926,0.05524828569854007,0.3133816964486066,0.005778485114740974,1.1642723504234762,4.25e-05,0,{}
4,0.8925785064697266,0.8024897336959839,0.03521160274744034,0.23466300427913667,0.0012192058295477182,valid_tail_composite,1.16552234397215,1.0382885862799252,0.05608689215253381,0.317042457706788,0.006735383272718857,1.16552234397215,5.4e-05,0,{}
5,0.7442467284202575,0.6692411565780639,0.02778301067650318,0.19699471831321716,0.0006677643023431301,valid_tail_composite,1.1624247817432178,1.0385124262641459,0.053562291623914945,0.31174008986529184,0.005454489180599065,1.1624247817432178,6.55e-05,0,{}
6,0.6271721863746643,0.5686470079421997,0.01666119206696749,0.15670943677425384,0.00045951271371450273,valid_tail_composite,1.16313136325163,1.038923796485452,0.05378597843296388,0.311431241386077,0.005932596525834764,1.16313136325163,7.7e-05,0,{}
7,0.5530039572715759,0.5075350141525269,0.009304288178682327,0.12374134302139282,0.00039814975578337906,valid_tail_composite,1.1624759786269243,1.035642469630522,0.05568730633924989,0.31615546345710754,0.006722205250030931,1.1624759786269243,8.850000000000001e-05,0,{}
8,0.5089179277420044,0.46895307540893555,0.006942510064691305,0.10906101077795029,0.0005400088976603002,valid_tail_composite,1.159236795762006,1.0354476115282845,0.0536373426370761,0.31177068720845613,0.005255919716813985,1.159236795762006,0.0001,0,{}
9,0.4711877119541168,0.4385447013378143,0.005973205771297217,0.08860632747411729,0.0005815503175836057,valid_tail_composite,1.159860695109648,1.0338857033673454,0.05564419903299388,0.3152229856042301,0.006024133372942314,1.159860695109648,9.999232711633229e-05,0,{}
10,0.45878928422927856,0.4280161952972412,0.005355107001960278,0.08350413665175438,0.0006341553165111691,valid_tail_composite,1.155842472525204,1.031797675525441,0.05404980480670929,0.31061100433854494,0.006027977324693519,1.155842472525204,9.996931102503101e-05,0,{}
11,0.4508003389835358,0.4222489368915558,0.004988531488925219,0.07747930318117141,0.0005812600336503237,valid_tail_composite,1.154796607354108,1.0309798927868115,0.05477804515291663,0.31119075066903057,0.005259121617521434,1.154796607354108,9.993095940434799e-05,0,{}
12,0.44092592000961306,0.41481823682785035,0.005236545251682401,0.07033452346920967,0.0005910572328139096,valid_tail_composite,1.1549439360113705,1.0309154917212093,0.054887272307977956,0.31016392392270703,0.005991477067308391,1.1549439360113705,9.987728504852338e-05,0,{}
13,0.436529780626297,0.41101988196372985,0.005032501434907317,0.06863016039133071,0.00064378856215626,valid_tail_composite,1.1550014159258675,1.0304345944348503,0.05489843864651287,0.3128961657776552,0.005431304877514348,1.1550014159258675,9.980830586351754e-05,0,{}
14,0.4213434875011444,0.39436973810195924,0.004911467274650931,0.07244928583502769,0.000845609582029283,valid_tail_composite,1.1545332249473124,1.0293500423431396,0.05531038278165985,0.31442667280926423,0.0054290334091467015,1.1545332249473124,9.972404486103752e-05,0,{}
15,0.4252635300159454,0.4018900489807129,0.005281253512948752,0.062250522524118425,0.000706064699916169,valid_tail_composite,1.1511295753366806,1.026803598684423,0.05521021673784537,0.3134603798389435,0.004763717722038136,1.1511295753366806,9.962453015086026e-05,0,{}
16,0.406789984703064,0.38340715527534486,0.004701929027214646,0.06284263089299202,0.0005966962547972798,valid_tail_composite,1.151487483697779,1.0274548179963057,0.05545514033121221,0.3128224400913014,0.004605046021478141,1.151487483697779,9.950979493145508e-05,0,{}
17,0.40950791239738465,0.3866559314727783,0.004646364599466324,0.06142890140414238,0.0005634560901671648,valid_tail_composite,1.1520547656451954,1.0255471608218025,0.0564361762474565,0.3178092977579902,0.00531616249559995,1.1520547656451954,9.937987747890854e-05,0,{}
18,0.4031436109542847,0.3804265260696411,0.004692447930574417,0.06109469383955002,0.0005272750579752028,valid_tail_composite,1.1499480359694536,1.0253275913350723,0.05626782358569257,0.3125162878457238,0.005314876996528576,1.1499480359694536,9.923482113415544e-05,0,{}
19,0.4044440257549286,0.3834578037261963,0.004416078180074692,0.05645071223378181,0.00046034611470531674,valid_tail_composite,1.1476506205166088,1.0229487349005306,0.05552076811299605,0.31345966808936176,0.005182441056925146,1.1476506205166088,9.907467428852006e-05,0,{}
20,0.39446388006210326,0.37240866422653196,0.004536596834659576,0.05916887238621712,0.0005850551999174059,valid_tail_composite,1.1460874010534847,1.0210985155666576,0.056299013140446996,0.312824827783248,0.00565383245018037,1.1460874010534847,9.889949036757265e-05,0,{}
21,0.3865982735157013,0.3646396636962891,0.004445214681327343,0.05875661164522171,0.0006730025773867965,valid_tail_composite,1.144612564760096,1.0196006788926966,0.05524370600195492,0.31348928107934837,0.005655835725038368,1.144612564760096,9.870932781330654e-05,0,{}
22,0.39294219851493833,0.3725292444229126,0.004507539477199316,0.054664333909749986,0.0005052479571895674,valid_tail_composite,1.141468693228329,1.0180162191390991,0.05545580299461589,0.31152991512242484,0.004434433039825629,1.141468693228329,9.850425006464156e-05,0,{}
23,0.3826968050003052,0.3634970986843109,0.0044325562380254264,0.051124768406152724,0.0005593651032540948,valid_tail_composite,1.138259866658379,1.0160330043119543,0.054329851203981566,0.30813709953252005,0.004683888818630401,1.138259866658379,9.828432553626072e-05,0,{}
24,0.3843453502655029,0.3666153073310852,0.004122906569391489,0.04729832887649536,0.0004680656420532614,valid_tail_composite,1.1390533797881182,1.0155108185375439,0.05400173957733547,0.312082695610383,0.0046843600678531565,1.1390533797881182,9.804962759578667e-05,0,{}
25,0.3782710373401642,0.35979065418243406,0.004064598008990288,0.049545253962278366,0.000435494213597849,valid_tail_composite,1.1355122818666346,1.0125357403474695,0.05457194270018269,0.31107723362305584,0.0042468256125336185,1.1355122818666346,9.780023453930617e-05,0,{}
26,0.3798844516277313,0.3619787681102753,0.0036256134184077383,0.04808709785342216,0.00046676630969159303,valid_tail_composite,1.134981912725112,1.0115723399554981,0.05526854316977894,0.31140703138183146,0.0044845345512251646,1.134981912725112,9.753622956525004e-05,0,{}
27,0.3726371920108795,0.3543384528160095,0.003967730356380344,0.0490743713080883,0.0004388841637410223,valid_tail_composite,1.132329407860251,1.0102060857941122,0.053288821788395155,0.310522174133974,0.0037104199188487496,1.132329407860251,9.725770074663801e-05,0,{}
28,0.3787579309940338,0.3610405290126801,0.003700332185253501,0.047476124316453934,0.0004809167853090912,valid_tail_composite,1.1291173135533052,1.0072152369162615,0.05462797928382369,0.30857128080199747,0.003968743552618167,1.1291173135533052,9.696474100169722e-05,0,{}
29,0.3723218047618866,0.35562130451202395,0.0035775191709399223,0.04479902915656567,0.0004071121953893453,valid_tail_composite,1.130223828203538,1.0080757842344397,0.05419764897840865,0.308541946551379,0.004425103899420184,1.130223828203538,9.665744806286424e-05,0,{}
30,0.3644383466243744,0.3480625367164612,0.0035639244923368098,0.04390756040811539,0.0003938370192190632,valid_tail_composite,1.1271382009281832,1.003616098095389,0.05441987032399458,0.31212426108472485,0.004526180269963601,1.1271382009281832,9.633592444418134e-05,0,{}
31,0.3699790680408478,0.35381437301635743,0.003770246598869562,0.04306124158203602,0.0004522884712787345,valid_tail_composite,1.1235815917744356,1.0015930498347563,0.05473949431496508,0.3094382636687335,0.0036496748456128817,1.1235815917744356,9.600027740709732e-05,0,{}
32,0.35905935764312746,0.3427725768089294,0.003665855121798813,0.04354268044233322,0.00041822290397249164,valid_tail_composite,1.1215842892141903,1.0008891575476702,0.05338813276851878,0.306113740977119,0.0038369564229951184,1.1215842892141903,9.565061892468476e-05,0,{}
33,0.3673087692260742,0.3513423454761505,0.0033625588333234193,0.04284153290092945,0.00039916551031637937,valid_tail_composite,1.1218727967318367,1.0002468859448153,0.054887659190332186,0.30718008034369526,0.0041804833488319725,1.1218727967318367,9.528706564428532e-05,0,{}
34,0.3556410527229309,0.33805968999862673,0.0036366772884503006,0.047330848127603534,0.0003843040153151378,valid_tail_composite,1.1175432766185087,0.9977660109015072,0.05286896743756883,0.3042018027866588,0.0036438078044311087,1.1175432766185087,9.490973884859587e-05,0,{}
35,0.35604011416435244,0.34004124522209167,0.0033690116973593832,0.04259073667228222,0.0005577418825123459,valid_tail_composite,1.1139184446895825,0.9944743373814751,0.05260147899389267,0.3035619802334729,0.0035694774295039035,1.1139184446895825,9.451876441520809e-05,0,{}
36,0.34853344202041625,0.3324690783023834,0.0035738960513845086,0.0426747677475214,0.0005512222927063704,valid_tail_composite,1.1129659203922047,0.9921329827869639,0.05370879721115617,0.307456316316829,0.0033086259209085256,1.1129659203922047,9.411427277461517e-05,0,{}
37,0.3552020990848541,0.34081522703170775,0.00332822869066149,0.03833259843289852,0.00040641502593643966,valid_tail_composite,1.1124432998545029,0.9919457295361687,0.05286411261733841,0.3057889815639047,0.0038648048717090312,1.1124432998545029,9.369639886669985e-05,0,{}
38,0.35208863139152524,0.3382107925415039,0.0032848204113543034,0.036894734427332876,0.00041029442712897435,valid_tail_composite,1.1104214121313656,0.9879929248024436,0.054825644501868415,0.3084295514751883,0.0046840098083895795,1.1104214121313656,9.326528209571794e-05,0,{}
39,0.35103062748909,0.33569600820541384,0.0030556512018665672,0.041269544959068295,0.0003721942874835804,valid_tail_composite,1.1071392157498527,0.9859427388976602,0.05407846587545732,0.3074430472710553,0.0037009578252978183,1.1071392157498527,9.282106628379253e-05,0,{}
40,0.3434255409240723,0.32816160559654234,0.003516028136946261,0.04051364056766033,0.0005079452868085355,valid_tail_composite,1.1043730272966272,0.9825169268776389,0.05550125471371062,0.3076366186141968,0.004110722378005876,1.1043730272966272,9.236389962293438e-05,0,{}
41,0.34804755330085757,0.3337653040885925,0.003185967314057052,0.038171242401003835,0.0003801563777960837,valid_tail_composite,1.1031747495426851,0.9822793953558978,0.05427773099611787,0.3075238676632152,0.0032085937495781656,1.1031747495426851,9.189393462560465e-05,0,{}
42,0.3356710970401764,0.32143325328826905,0.003324622851796448,0.03800185881555081,0.0003630281239748001,valid_tail_composite,1.098640708362355,0.9790003685390248,0.053739872487152326,0.3040271752020892,0.003310481586274417,1.098640708362355,9.141132807383601e-05,0,{}
43,0.33861934542655947,0.3246219515800476,0.003154327585361898,0.03741522639989853,0.0003615993680432439,valid_tail_composite,1.0964624250636381,0.9750840173048132,0.05402823033578256,0.3083118112648235,0.003551508074023706,1.0964624250636381,9.091624096692974e-05,0,{}
44,0.3381187343597412,0.32428253054618833,0.002840640712529421,0.037226624265313146,0.000318347699358128,valid_tail_composite,1.0951350506614237,0.9752574072164648,0.05424032404142268,0.3035723426762749,0.003705660661901621,1.0951350506614237,9.040883846774569e-05,0,{}
45,0.34128665447235107,0.32817782163619996,0.0029334636637941003,0.03505145825445652,0.00033883568306919187,valid_tail_composite,1.092059282695546,0.9714794123873991,0.054059743881225586,0.30629953128450055,0.003417439361595932,1.092059282695546,8.988928984760339e-05,0,{}
46,0.33270838499069216,0.3180802381038666,0.003296699095517397,0.03898428976535797,0.00043240137165412307,valid_tail_composite,1.0879804667304545,0.9681684129378375,0.0544872827389661,0.3049740791320801,0.0028982241432565976,1.0879804667304545,8.935776842981248e-05,0,{}
47,0.3434657871723175,0.32948235511779783,0.0027200877107679843,0.03771036103367806,0.00032105232821777463,valid_tail_composite,1.0819436872706694,0.963680575875675,0.053141885491855,0.30059199999360475,0.003236699866487042,1.0819436872706694,8.881445153185148e-05,0,{}
48,0.34113031029701235,0.32645562767982483,0.0032634766446426513,0.039141875505447385,0.00042978580517228694,valid_tail_composite,1.0794011985554415,0.9648384136312148,0.05028087349937243,0.2938127710538752,0.0022295399034834083,1.0794011985554415,8.825952040621397e-05,0,{}
49,0.33416853070259095,0.32099895596504213,0.002826621658168733,0.03519739955663681,0.0003802132746204734,valid_tail_composite,1.0769629127839033,0.9576373345711652,0.0540391552974196,0.3025879369062536,0.0034826125004602704,1.0769629127839033,8.769316017994216e-05,0,{}
50,0.3378537738323212,0.32378692626953126,0.0031244149012491108,0.03757865443825722,0.00038591696706134825,valid_tail_composite,1.0761891252854292,0.9587260449633879,0.052879181307028324,0.299518858685213,0.0027408614576629855,1.0761891252854292,8.711555979286782e-05,0,{}
51,0.3327530479431152,0.3201372814178467,0.003005547160282731,0.03364351280033588,0.00031923593662213533,valid_tail_composite,1.071116377325619,0.9530140301760506,0.05392223596572876,0.30076618229641633,0.002732999064713059,1.071116377325619,8.652691193458119e-05,0,{}
52,0.32821914315223694,0.3160248899459839,0.002795540108345449,0.03262115202844143,0.0002903191657969728,valid_tail_composite,1.0709108675227446,0.9538366829647738,0.05248460392741596,0.29824675531948314,0.0029211843126069974,1.0709108675227446,8.592741298014916e-05,0,{}
53,0.32876312494277954,0.31698232650756836,0.0028590388828888535,0.031260813251137734,0.0003569352009799331,valid_tail_composite,1.061488291796516,0.9460433160557467,0.05181048459866468,0.29553362376549663,0.0021947983700289007,1.061488291796516,8.531726292460374e-05,0,{}
54,0.33136412382125857,0.3187473511695862,0.002693753936327994,0.033926724791526794,0.00027155588031746447,valid_tail_composite,1.0609097901512594,0.9433620466905481,0.05323238320210401,0.2994027786395129,0.0028137566028710675,1.0609097901512594,8.469666531622302e-05,0,{}
55,0.3239794421195984,0.3117283463478088,0.0028631769912317393,0.03264787130057812,0.0003355991444550455,valid_tail_composite,1.0605986328685986,0.9439910264576182,0.052008258069262785,0.29728717663708853,0.002873948306146571,1.0605986328685986,8.406582718862672e-05,0,{}
56,0.3304118025302887,0.318952351808548,0.0027772127743810413,0.030545412674546243,0.0002841529727447778,valid_tail_composite,1.0543650108225204,0.9406674819834092,0.04980087050181978,0.2910053905318765,0.002513966677189969,1.0543650108225204,8.342495899170901e-05,0,{}
57,0.32404892802238466,0.31222358226776126,0.0027352639893069865,0.03151847757399082,0.0003290955082047731,valid_tail_composite,1.055380947449628,0.938324255101821,0.05185900825787993,0.29855918358354006,0.002918916706488851,1.055380947449628,8.277427452143169e-05,0,{}
58,0.3197719717025757,0.30829520463943483,0.003093220330774784,0.03031302645802498,0.0003314182866597548,valid_tail_composite,1.0523105158525354,0.9376434824045967,0.05018832556465093,0.2935400631497888,0.0025204584851641863,1.0523105158525354,8.211399084850107e-05,0,{}
59,0.31551297903060915,0.3030891311168671,0.0026519988756626843,0.033306245803833005,0.0003150168299907818,valid_tail_composite,1.0462354071000044,0.9305722748532015,0.0509216914720395,0.29600608173538656,0.002502218621563824,1.0462354071000044,8.144432824595237e-05,0,{}
60,0.317805198431015,0.30650689005851744,0.0027514908136799933,0.030031780675053597,0.00031584750628098845,valid_tail_composite,1.041772674111759,0.9287621168529286,0.048889227321042734,0.2908855343566221,0.001897029611213571,1.041772674111759,8.076551011566584e-05,0,{}
61,0.3177748560905457,0.30630832314491274,0.002731668238993734,0.0305077388882637,0.0003233253146754578,valid_tail_composite,1.037382020669825,0.9235300211345449,0.05060217617189183,0.2910652791752535,0.002478296247050714,1.037382020669825,8.00777629138391e-05,0,{}
62,0.3172722375392914,0.30521268367767335,0.0028604919044300913,0.03205771341919899,0.00035634159110486507,valid_tail_composite,1.0333169558468986,0.9191173244925106,0.05037299565532628,0.29309745395884795,0.0020545676405377246,1.0333169558468986,7.938131607544052e-05,0,{}
63,0.3207542026042938,0.30912249684333803,0.002507149716839194,0.03121155045926571,0.0002749796089483425,valid_tail_composite,1.0312252535539514,0.9176791731049033,0.050467555685078394,0.29006891215548797,0.002571249640930225,1.0312252535539514,7.867640193766887e-05,0,{}
64,0.3181645381450653,0.30591523051261904,0.0029463020199909807,0.03263269230723381,0.000318142005125992,valid_tail_composite,1.0268378152566797,0.9130430572173175,0.05091837881242528,0.2919381953337613,0.0019102848823154893,1.0268378152566797,7.79632556624448e-05,0,{}
65,0.3104879856109619,0.29874945282936094,0.00283642434515059,0.031220598816871642,0.0003253873353241943,valid_tail_composite,1.0228893932174234,0.909186065196991,0.0518522429115632,0.2902945166125017,0.0023063764862907943,1.0228893932174234,7.724211515795995e-05,0,{}
66,0.31457475066185,0.30318434119224547,0.0024527656799182298,0.030606905817985534,0.000249924871022813,valid_tail_composite,1.0185060886775745,0.9062385278589585,0.05012377220041612,0.28793035184635835,0.001956234429278137,1.0185060886775745,7.651322099930993e-05,0,{}
67,0.31342212557792665,0.3021084463596344,0.00267396439332515,0.03011508271098137,0.0003181447007227689,valid_tail_composite,1.0145644510493559,0.901327413671157,0.051040664315223694,0.2901180193704717,0.0019834713243386324,1.0145644510493559,7.57768163482376e-05,0,{}
68,0.3046907603740692,0.2931377387046814,0.002489486145786941,0.030962912663817406,0.0002908115863101557,valid_tail_composite,1.0125193490701563,0.9004285966648775,0.050342638702953565,0.2863976175294203,0.0023774357207859043,1.0125193490701563,7.503314687201338e-05,0,{}
69,0.30402754187583925,0.2922991323471069,0.00257683802396059,0.031482655853033066,0.0002588123106397688,valid_tail_composite,1.0076062223490547,0.895193569800433,0.0499504916369915,0.28811956240850334,0.002107625255388591,1.0076062223490547,7.42824606614798e-05,0,{}
70,0.304623042345047,0.29387165665626525,0.002604349725879729,0.028614097163081168,0.0002874414954567328,valid_tail_composite,1.0039160987910103,0.8917514331200543,0.05035485918907558,0.28715646968168373,0.0021185769069501583,1.0039160987910103,7.35250081482875e-05,0,{}
71,0.2958122515678406,0.2843139451742172,0.0025722577003762124,0.03075599305331707,0.0002923436800483614,valid_tail_composite,0.9962055367581985,0.8842886861632852,0.050859649391735304,0.2856087360311957,0.0023758439056109637,0.9962055367581985,7.276104202135027e-05,0,{}
72,0.29939583003520964,0.2883876496553421,0.0027842336893081666,0.029225293919444083,0.0002966398367425427,valid_tail_composite,0.995338548632229,0.8831276788431055,0.050213831969920325,0.2878383573363809,0.0018995732466197189,0.995338548632229,7.199081714254717e-05,0,{}
73,0.30085863947868347,0.28978368163108825,0.002521078246645629,0.02959089905023575,0.0002852389530744404,valid_tail_composite,0.9910448824658113,0.8815049108336953,0.048398145310142464,0.28116629754795747,0.0019362032317611225,0.9910448824658113,7.121459046169965e-05,0,{}
74,0.3015055501461029,0.2904440665245056,0.002459504026919603,0.029625154212117196,0.0002677005436271429,valid_tail_composite,0.9848599013160256,0.8769102973096511,0.04761309954611694,0.2777223148766686,0.0016322256774668966,0.9848599013160256,7.043262093085211e-05,0,{}
75,0.29754122614860534,0.28634860932826994,0.002603095518425107,0.029666996523737908,0.0003847373812459409,valid_tail_composite,0.9858346160720376,0.8784911492291618,0.04845439938499647,0.2754794815007378,0.0016463689886115711,0.9858346160720376,6.964516941788466e-05,0,{}
76,0.3000185239315033,0.2886129939556122,0.00253671960439533,0.030552130043506622,0.00027325415227096527,valid_tail_composite,0.9739966743132648,0.8661819731487947,0.04791491478681564,0.27599259422105904,0.002179075438214247,0.9739966743132648,6.885249861948653e-05,0,{}
77,0.3017013442516327,0.2901316487789154,0.0026017341576516626,0.03088873751461506,0.00031772719346918166,valid_tail_composite,0.9755708925864276,0.8666092998841229,0.04891369645209873,0.27953185491702137,0.0017902800926308641,0.9755708925864276,6.805487297351961e-05,0,{}
78,0.29177900314331057,0.28110260486602784,0.0024675670824944973,0.02849312447011471,0.000280388972023502,valid_tail_composite,0.965850689831902,0.8581927664139691,0.04712051832500626,0.277609728714999,0.001427244280314292,0.965850689831902,6.725255857080094e-05,0,{}
79,0.2961428010463715,0.28524691045284273,0.0025936077442020177,0.028987882137298585,0.000308545739389956,valid_tail_composite,0.9649249069830951,0.857566938680761,0.04665151501403136,0.27603473295183745,0.0018873364152729184,0.9649249069830951,6.644582306633384e-05,0,{}
80,0.28994678020477294,0.27912218689918517,0.002499423171393573,0.028920488953590392,0.0002700538758654147,valid_tail_composite,0.960752851822797,0.8543654364698073,0.046655397643061244,0.2739964495686924,0.0015434511399636155,0.960752851822797,6.563493559001731e-05,0,{}
81,0.2886207277576129,0.2773634350548188,0.002596936911383333,0.030090570993100602,0.0002749405114930899,valid_tail_composite,0.9589798099854413,0.8523967897190767,0.04736532511956552,0.2737489526762682,0.0017304506447330555,0.9589798099854413,6.482016665686324e-05,1,"{""nonfinite_grad"": 1}"
82,0.2830885171890259,0.27223216772079467,0.002623691423796117,0.028865829184651373,0.0003047631127992645,valid_tail_composite,0.9479027109987596,0.8406058199265424,0.04909004095722647,0.2744090241544387,0.001914301112479092,0.9479027109987596,6.400178807675163e-05,0,{}
83,0.2890957200527191,0.27780247151851656,0.0025020782416686417,0.030200577899813653,0.00029684086301131176,valid_tail_composite,0.9420133057762595,0.8336361120728886,0.048521379337591285,0.27818992295685935,0.0017419261481229436,0.9420133057762595,6.318007286375384e-05,0,{}
84,0.2912334537506103,0.2811339867115021,0.002216135996859521,0.027108959183096887,0.00022414645267417654,valid_tail_composite,0.9381695424809176,0.8328761037658242,0.04602272326455397,0.270925414036302,0.001686650124611333,0.9381695424809176,6.235529514505408e-05,0,{}
85,0.2950164711475372,0.28466568410396575,0.00261066853068769,0.027481611371040344,0.0002801097359042615,valid_tail_composite,0.9338528689216165,0.8304635707069846,0.04479809927151484,0.26618055473355684,0.0016886399320997845,0.9338528689216165,6.152773006949966e-05,0,{}
86,0.29116306602954867,0.28058989822864533,0.0023799381218850614,0.02827824518084526,0.00026639356015948577,valid_tail_composite,0.9345092492945054,0.8300970722647274,0.04595435498391881,0.26817265941816215,0.001814519808463314,0.9345092492945054,6.0697653715810235e-05,0,{}
87,0.27978965878486634,0.2691860383749008,0.002441497244872153,0.028167893812060356,0.00034207745658932254,valid_tail_composite,0.9226790245841531,0.8181560179766487,0.04638814893277252,0.2683931878384422,0.0017436868904898053,0.9226790245841531,5.986534300047696e-05,0,{}
88,0.2833116102218628,0.2728589332103729,0.002588322195224464,0.02781997315585613,0.00026403332100016996,valid_tail_composite,0.9219115902395809,0.8193332728217629,0.045501155011794144,0.2641959856538212,0.0013459886643378174,0.9219115902395809,5.903107558538223e-05,0,{}
89,0.28768046736717223,0.2773952126502991,0.0022337306896224617,0.02765065886080265,0.00021436752460431306,valid_tail_composite,0.9181307308814105,0.8152124531128827,0.045624200692948175,0.2649119119433796,0.0014323393672170555,0.9181307308814105,5.819512978517052e-05,0,{}
90,0.2835403424501419,0.27293683230876925,0.0024350279290229083,0.02836549386382103,0.000251440335996449,valid_tail_composite,0.9089068665223963,0.806452165631687,0.045447840081418264,0.2634880428805071,0.0015257532615899382,0.9089068665223963,5.735778447440174e-05,0,{}
91,0.2845221132040024,0.2732845425605774,0.0025102474261075257,0.030061445087194442,0.0002853546931874007,valid_tail_composite,0.9115643080543069,0.8115578293800354,0.04321712200694224,0.25809216324020834,0.0013743942271342829,0.9115643080543069,5.65193189945176e-05,0,{}
92,0.2891771447658539,0.2789904874563217,0.0022277935314923523,0.027390760332345963,0.0002057761960895732,valid_tail_composite,0.9139425509116229,0.8133912261794595,0.0440637446282541,0.25924186496173635,0.001338558368254727,0.9139425509116229,5.5680013060652314e-05,0,{}
93,0.2855522781610489,0.27554542422294614,0.002234127507545054,0.026771316900849343,0.0002534190090955235,valid_tail_composite,0.8986508846282959,0.7981762079631581,0.0433248816167607,0.2591306540895911,0.0014852983740103595,0.8986508846282959,5.4840146668318546e-05,0,{}
94,0.2799166065454483,0.2698861491680145,0.002291430672630668,0.026818923950195313,0.00024740267457673326,valid_tail_composite,0.9016294479370117,0.8030682872323429,0.04198196661822936,0.2544500082731247,0.0014763536618214428,0.9016294479370117,5.4e-05,0,{}
95,0.2718773621320725,0.2613983690738678,0.0023373682470992207,0.028047255128622054,0.0002599735534749925,valid_tail_composite,0.8950602657654706,0.7964658772244173,0.04414971315247171,0.2535373962977353,0.0013684707022655535,0.8950602657654706,5.3159853331681464e-05,0,{}
96,0.2869464862346649,0.2767332553863525,0.0024050083803012967,0.027241488471627235,0.00026361234427895396,valid_tail_composite,0.8891775117200964,0.7911782895817476,0.04300940661307644,0.2520118294393315,0.001590943427907084,0.8891775117200964,5.2319986939347696e-05,0,{}
97,0.2798862743377686,0.26956907093524934,0.0023525242647156118,0.027558225989341736,0.0002684273960767314,valid_tail_composite,0.8777521918801701,0.7809669620850507,0.04155413740698029,0.2500075347283307,0.0012957028520759195,0.8777521918801701,5.1480681005482395e-05,0,{}
98,0.27801723539829254,0.2680899208784103,0.002194666974246502,0.026599302515387536,0.00023817127163056284,valid_tail_composite,0.880954013151281,0.7823747817207786,0.043454336988575315,0.2536063860444462,0.0015015268102562165,0.880954013151281,5.064221552559826e-05,0,{}
99,0.2762687623500824,0.2667566978931427,0.0020470695244148374,0.02552800178527832,0.0002237926924135536,valid_tail_composite,0.872839513946982,0.7741418165319106,0.04405510995317908,0.25322505305795107,0.0016771916039835882,0.872839513946982,4.9804870214829476e-05,0,{}
100,0.27612690567970277,0.26643786668777464,0.002441529235802591,0.025819502770900726,0.00021854626422282308,valid_tail_composite,0.862338241408853,0.7671124198857475,0.041354869985405135,0.2452094966874403,0.0015086984220782623,0.862338241408853,4.896892441461779e-05,0,{}
101,0.2725403380393982,0.2626060277223587,0.002092686442192644,0.026748545914888382,0.0002050441229948774,valid_tail_composite,0.8635088626076194,0.7700799913967357,0.040990862557116675,0.24088894970276775,0.0012260914766503608,0.8635088626076194,4.813465699952305e-05,0,{}
102,0.27002241134643556,0.2598598974943161,0.002262094207108021,0.027182756960391997,0.0002615093853091821,valid_tail_composite,0.8556978807729834,0.7623809085172766,0.040351967601215136,0.2412078047499937,0.0010984469845425338,0.8556978807729834,4.730234628418979e-05,0,{}
103,0.2755731874704361,0.2653678345680237,0.002400425202213228,0.027283509001135825,0.0002347228501457721,valid_tail_composite,0.8535826451638165,0.758646498708164,0.04203036635675851,0.2444328455364003,0.0013047794260166805,0.8535826451638165,4.6472269930500354e-05,0,{}
104,0.2709998959302902,0.26153661906719206,0.0019747091876342895,0.025522024482488633,0.00018083510658470914,valid_tail_composite,0.8575795748654533,0.7642974502900067,0.039984490831985194,0.24100202234352336,0.0012460378142457235,0.8575795748654533,4.5644704854945934e-05,0,{}
105,0.2794486093521118,0.26985579311847685,0.0022999817691743375,0.025611936300992965,0.00022485663241241126,valid_tail_composite,0.8392888833494747,0.7460240300963906,0.03991892999585937,0.24101613111355724,0.001233881276943173,0.8392888833494747,4.4819927136246186e-05,0,{}
106,0.2740091633796692,0.26371578574180604,0.0023719948390498757,0.027591602131724357,0.00021589505340671166,valid_tail_composite,0.8340990332996144,0.7413978506537044,0.04102801947909243,0.23827405361568227,0.0014662299089489832,0.8340990332996144,4.399821192324838e-05,0,{}
107,0.2680192917585373,0.2582971704006195,0.0020641484577208755,0.026085530295968055,0.00023914150369819254,valid_tail_composite,0.8450223523027757,0.7544178577030406,0.03789166503531091,0.23492129147052765,0.0010716123574906413,0.8450223523027757,4.317983334313677e-05,0,{}
108,0.26910674035549165,0.25996880054473875,0.002130617327056825,0.0244716714322567,0.00019564005197025836,valid_tail_composite,0.8363200566347908,0.7454887242878184,0.03957997985622462,0.23443149819093592,0.0011523997202269075,0.8363200566347908,4.236506440998268e-05,0,{}
109,0.2615304070711136,0.2508923971652985,0.0022767056711018086,0.028563662841916086,0.00024718523665796967,valid_tail_composite,0.8239440462168526,0.7321797749575447,0.03977846321375931,0.2368146803449182,0.0012312527670634583,0.8239440462168526,4.155417693366615e-05,0,{}
110,0.27062734246253967,0.26094140112400055,0.0020651659509167077,0.025978679582476617,0.00024049425206612796,valid_tail_composite,0.8212003567639519,0.7301050319391138,0.039507622227949256,0.23510017026873195,0.0012116562010145143,0.8212003567639519,4.074744142919907e-05,0,{}
111,0.2693039536476135,0.25965749979019165,0.002297914009541273,0.025765912011265754,0.00022506680455990134,valid_tail_composite,0.8214757687905255,0.7323599703171674,0.03864704434047727,0.22982283988419702,0.0012645297144498566,0.8214757687905255,3.994512702648041e-05,0,{}
112,0.27126222670078276,0.26174009680747984,0.002162917461246252,0.025525599122047424,0.00020745834743138403,valid_tail_composite,0.8277116382823271,0.7407101918669308,0.0362955807324718,0.2254571976030574,0.0011097628294545062,0.8277116382823271,3.914750138051349e-05,0,{}
113,0.2665301614999771,0.2570532667636871,0.002104822681285441,0.025427717044949533,0.0002083058308926411,valid_tail_composite,0.8120333306929645,0.7238938212394714,0.037323403226978635,0.22826621900586522,0.001042225306531798,0.8120333306929645,3.8354830582115366e-05,0,{}
114,0.268466055393219,0.2589948242902756,0.0023229930037632586,0.02521678440272808,0.00024100752489175647,valid_tail_composite,0.8128626066095689,0.7250563782804152,0.03851514857481508,0.22653456821161158,0.0010881594310322886,0.8128626066095689,3.75673790691479e-05,0,{}
115,0.2616498202085495,0.25191039085388184,0.0023951477743685244,0.025991748720407486,0.00021771941683255137,valid_tail_composite,0.7991677908336415,0.7128569553880131,0.03762349672615528,0.22274529495659998,0.0011003781332606997,0.7991677908336415,3.6785409538300354e-05,0,{}
116,0.2622973209619522,0.2529465824365616,0.0021482588979415598,0.025092178881168367,0.00018509180546971037,valid_tail_composite,0.7986252588384292,0.7115502637975356,0.03798177882152445,0.22445832543513355,0.0012242994656416534,0.7986252588384292,3.6009182857452826e-05,0,{}
117,0.26382873237133025,0.2541209840774536,0.0022269647754728796,0.025986740589141844,0.0002226553886430338,valid_tail_composite,0.7926443324369543,0.7062856064123266,0.03734037751222358,0.2233269346110961,0.0009683046048260568,0.7926443324369543,3.5238957978649726e-05,0,{}
118,0.2620241218805313,0.25268270254135133,0.002209942885674536,0.02494065836071968,0.00022692962491419166,valid_tail_composite,0.7934952097780564,0.7092870859538808,0.03624203198534601,0.2173805683851242,0.0011686697004787514,0.7934952097780564,3.447499185171251e-05,0,{}
119,0.26845646381378174,0.2595360881090164,0.001959992032498121,0.02388747312128544,0.00022367415251210333,valid_tail_composite,0.7864770573728225,0.7020766489646014,0.03680640272796154,0.2176974661210004,0.0011266986753873747,0.7864770573728225,3.37175393385202e-05,0,{}
120,0.26555557668209073,0.2562508696317673,0.0022555925650522115,0.024846111983060838,0.00020993069396354257,valid_tail_composite,0.7794219991740059,0.6935757714159348,0.03824981247239253,0.22069432805566228,0.0012710034609292908,0.7794219991740059,3.296685312798663e-05,0,{}
121,0.26579829275608063,0.25683096289634705,0.002165985596366227,0.023991385251283647,0.00018286443068063818,valid_tail_composite,0.7831248080029207,0.6994188252617332,0.03654057948904879,0.2154588313663707,0.001316380235092605,0.7831248080029207,3.222318365176241e-05,0,{}
122,0.2632051533460617,0.2538657605648041,0.0020927857817150653,0.025069359466433527,0.00019541847257642075,valid_tail_composite,0.774536066195544,0.6929348251398872,0.035424416665645206,0.21067274055060217,0.0010411967985633323,0.774536066195544,3.1486779000690075e-05,0,{}
123,0.2630092227458954,0.2537722325325012,0.0021651682117953897,0.024714194312691687,0.00020531753136310727,valid_tail_composite,0.7711696239078746,0.6908618702607996,0.03529077083529795,0.20686710056136637,0.0011281643888009165,0.7711696239078746,3.0757884842040056e-05,0,{}
124,0.2616284388303757,0.2524793380498886,0.001982423320878297,0.024595204070210458,0.00019239495071815327,valid_tail_composite,0.7696967160000521,0.6892911756739897,0.0340031568399247,0.20783449446453767,0.0011504437724772073,0.7696967160000521,3.0036744337555213e-05,0,{}
125,0.25851199626922605,0.24886356830596923,0.0022636946383863686,0.025789879187941553,0.00022564860439160838,valid_tail_composite,0.7679497774909524,0.6887830951634575,0.03406448771848398,0.20501908572281108,0.0007961478995104484,0.7679497774909524,2.9323598062331148e-05,0,{}
126,0.2606398004293442,0.2511056840419769,0.0022119855834171176,0.025517744198441505,0.00021400599682237952,valid_tail_composite,0.765419230741613,0.6829653066747329,0.03713501737836529,0.2116284852518755,0.0012759262591477156,0.765419230741613,2.8618683924559485e-05,0,{}
127,0.2583515191078186,0.2489147400856018,0.0022185298684053124,0.02526542663574219,0.00020022797194542365,valid_tail_composite,0.7606273188310511,0.6808067525134367,0.03424250564592726,0.20614864896325505,0.0010933879170539405,0.7606273188310511,2.7922237086160913e-05,0,{}
128,0.259737988114357,0.25026563346385955,0.002133160950616002,0.025377798974514008,0.00021799195907078683,valid_tail_composite,0.7546083541477427,0.6772602481000564,0.033349295311114364,0.19990285880425396,0.0009496565565795583,0.7546083541477427,2.723448988433418e-05,0,{}
129,0.26024659812450407,0.2513884389400482,0.0019791990937665107,0.023820531293749808,0.00016684028611052782,valid_tail_composite,0.7498348004677716,0.6723569105653202,0.033946816206854934,0.19982431653667898,0.0010000283942003187,0.7498348004677716,2.6555671754047637e-05,0,{}
130,0.2610742670297623,0.25198797762393954,0.002023813829291612,0.024414029121398926,0.0001821588951861486,valid_tail_composite,0.7533138990402222,0.6761724142467275,0.03300547961364774,0.1991944505887873,0.001096446809670477,0.7533138990402222,2.5886009151498934e-05,0,{}
131,0.25492788016796114,0.24573955357074737,0.002233773013576865,0.024508708715438844,0.0002180325984954834,valid_tail_composite,0.7416126552750083,0.6613250234547783,0.03566350009949768,0.2067986078122083,0.0010338937213151332,0.7416126552750083,2.5225725478568302e-05,0,{}
132,0.2530062460899353,0.24344238936901091,0.0020142825040966273,0.025775010362267495,0.00018633169966051356,valid_tail_composite,0.7365376703879413,0.6601951753391939,0.03268523645751616,0.19722123707042022,0.001037365582305938,0.7365376703879413,2.4575041008291012e-05,0,{}
133,0.2585371881723404,0.24943945944309234,0.0021541080297902224,0.024380427449941636,0.00017834405967732893,valid_tail_composite,0.7458865782793831,0.6702649137553047,0.032570545945097416,0.19516975476461298,0.0010641949244446175,0.7458865782793831,2.393417281137331e-05,0,{}
134,0.26064272582530973,0.25156789243221284,0.0019610008830204606,0.024447949044406413,0.00016780251113232225,valid_tail_composite,0.7290665787809035,0.6566624255741343,0.03149943141376271,0.18713857759447658,0.0008076845594640711,0.7290665787809035,2.330333468377699e-05,0,{}
135,0.2573223519325256,0.2484051150083542,0.0020928681129589676,0.023776263669133185,0.00023596185899805278,valid_tail_composite,0.722056038239423,0.6472593580975252,0.032995408620027936,0.19271945164484136,0.0009943904425359935,0.722056038239423,2.2682737075396273e-05,0,{}
136,0.26052023708820343,0.25082252323627474,0.0021635490097105504,0.026019768416881563,0.00021077532786875964,valid_tail_composite,0.7257829553940717,0.6514893770217896,0.03344995298368089,0.1911669242031434,0.0009268977771759691,0.7257829553940717,2.207258701985084e-05,0,{}
137,0.24858311772346497,0.23914023101329804,0.0020587087934836744,0.025375102832913398,0.00019981040561106055,valid_tail_composite,0.7320705757421606,0.660176207037533,0.031990057186168784,0.1850009700831245,0.0009947093922699638,0.7320705757421606,2.1473088065418818e-05,0,{}
138,0.26062535762786865,0.25160691678524016,0.002066666204482317,0.02416389673948288,0.00019698722055181862,valid_tail_composite,0.7343830326024223,0.6633056717760423,0.03079345657983247,0.1833242984379039,0.00100688189987148,0.7343830326024223,2.08844402071322e-05,0,{}
139,0.2539501768350601,0.24485541582107545,0.0020730553241446615,0.024356622099876404,0.00020711309945909307,valid_tail_composite,0.722899475518395,0.651017494061414,0.03222006449804587,0.1852015809101217,0.000823225055629497,0.722899475518395,2.0306839820057835e-05,0,{}
140,0.24996836125850677,0.24108742475509642,0.0018184050917625428,0.023980177640914917,0.0001655891101108864,valid_tail_composite,0.7172885852701524,0.6464894168517169,0.0319053402499241,0.18212338843766382,0.0008998935270082096,0.7172885852701524,1.9740479593786035e-05,0,{}
141,0.2577821832895279,0.24878263473510742,0.002170179241802543,0.02399228885769844,0.00022428499709349126,valid_tail_composite,0.7076966341804055,0.6368930620305678,0.032026448013151396,0.18172839459250956,0.0010577977972228408,0.7076966341804055,1.9185548468148523e-05,0,{}
142,0.2539949852228165,0.24465499937534332,0.002024158211424947,0.025116642341017723,0.00019244006078224628,valid_tail_composite,0.7160118292359745,0.6446494635413674,0.03252929010811974,0.1835546414641773,0.0008165104056174374,0.7160118292359745,1.864223157018752e-05,0,{}
143,0.2532783561944962,0.24431148827075957,0.0021877067908644674,0.023943912833929062,0.00019860353582771496,valid_tail_composite,0.7028044567388647,0.6316368614926058,0.03153442098375629,0.18285128824851093,0.0011503515176146345,0.7028044567388647,1.811071015239663e-05,0,{}
144,0.24707673788070678,0.23789206802845,0.0020265570562332867,0.02471078373491764,0.00017411669250577688,valid_tail_composite,0.7058774267925936,0.6374647617340088,0.029577887233565834,0.17683666856849894,0.0008056686612476102,0.7058774267925936,1.7591161532254317e-05,0,{}
145,0.2601861321926117,0.25136141657829286,0.0021042146487161516,0.02362802118062973,0.00017875534103950486,valid_tail_composite,0.6987360400312087,0.6336786606732536,0.02966734503998476,0.1672131103627822,0.0007990884212845498,0.6987360400312087,1.7083759033070276e-05,0,{}
146,0.2515014773607254,0.2425653940439224,0.0021658595837652683,0.023840132802724838,0.00021181635791435837,valid_tail_composite,0.6988987747360679,0.6339128087548649,0.029107946135541973,0.16727308403043187,0.0008250546401113217,0.6988987747360679,1.6588671926163995e-05,0,{}
147,0.24996470749378205,0.24097454965114593,0.0018743511918000878,0.024216550588607787,0.00018599854840431362,valid_tail_composite,0.6982677999664756,0.6323984756189234,0.030026689062223715,0.16903138642801957,0.000937331109204987,0.6982677999664756,1.6106065374395362e-05,0,{}
148,0.25428586900234224,0.24548383176326752,0.0018347049271687866,0.02373480573296547,0.00017055472795618698,valid_tail_composite,0.689293756204493,0.625270170323989,0.02871280536055565,0.16465853680582607,0.0008673774564693518,0.689293756204493,1.563610037706562e-05,0,{}
149,0.2525898081064224,0.24412014901638032,0.002158269234932959,0.022555999234318735,0.00019120652839774266,valid_tail_composite,0.6942147717756384,0.6298274047234479,0.02876870016403058,0.16583283859140732,0.0007894915042390279,0.6942147717756384,1.517893371620748e-05,0,{}
150,0.24885042726993561,0.23985639929771424,0.001955368381459266,0.02422744706273079,0.00016446739755338058,valid_tail_composite,0.6889915185816148,0.6241442491026485,0.029536756741649964,0.16621768474578857,0.0010183040345402654,0.6889915185816148,1.4734717904282066e-05,0,{}
151,0.2528619486093521,0.24405645489692687,0.0020756156789138915,0.0236075184494257,0.00017031535622663796,valid_tail_composite,0.6870280889903798,0.6220502046977773,0.028731926179984036,0.16754010582671447,0.0007899329965071314,0.6870280889903798,1.4303601133300166e-05,0,{}
152,0.2559625709056854,0.24700577855110167,0.0019406795012764633,0.02403923951089382,0.00020656903565395622,valid_tail_composite,0.6801873305264641,0.6162054643911474,0.029957432409419733,0.16369628292672775,0.0009289042662952424,0.6801873305264641,1.3885727225384848e-05,0,{}
153,0.25160907447338104,0.24269691109657288,0.002056521896738559,0.023878829702734947,0.00019102319653029553,valid_tail_composite,0.6828077540678137,0.621382474899292,0.027609787333537552,0.1577273313613499,0.0009316797085750081,0.6828077540678137,1.3481235584791933e-05,0,{}
154,0.25469404339790347,0.2460860240459442,0.00189933099783957,0.02314194932579994,0.00017129696614574642,valid_tail_composite,0.6759551693411434,0.6140702086336473,0.0282354977201013,0.15912220013492248,0.0007267672840766061,0.6759551693411434,1.3090261151404135e-05,0,{}
155,0.24852204382419585,0.23947748005390168,0.001976226000115275,0.024310819283127786,0.00018737620499450713,valid_tail_composite,0.673871166565839,0.6116327362902024,0.029564737616216436,0.15879801529295304,0.000994906308786834,0.673871166565839,1.2712934355714696e-05,0,{}
156,0.25192959666252135,0.24334683537483215,0.002004011231474578,0.023006424754858017,0.0001729508236167021,valid_tail_composite,0.6720625793232637,0.6116087506799137,0.027789733920465496,0.15482700440813513,0.0009418734099359854,0.6720625793232637,1.2349381075315256e-05,0,{}
157,0.25155190885066986,0.2430981922149658,0.0020396226225420835,0.022612087801098822,0.00017540954053401947,valid_tail_composite,0.6611207022386438,0.5982392763390261,0.028887125827810344,0.16083037897067912,0.0010844886265284218,0.6611207022386438,1.1999722592902687e-05,0,{}
158,0.2573405063152313,0.2483132827281952,0.002012526891194284,0.024241840392351152,0.00018676125910133123,valid_tail_composite,0.6640101916649762,0.6009600758552551,0.030248652705374884,0.16080070506123936,0.0009601781065986656,0.6640101916649762,1.1664075555818674e-05,0,{}
159,0.2536221706867218,0.2445453381538391,0.001948083604220301,0.02440272130072117,0.0001950166976894252,valid_tail_composite,0.66000857072718,0.5990152008393231,0.028515102780040574,0.15621799712671952,0.0008187405268579503,0.66000857072718,1.1342551937135765e-05,0,{}
160,0.2498181277513504,0.24093257129192353,0.002104466827586293,0.0237530367821455,0.00020146640847087838,valid_tail_composite,0.6605599207036635,0.6009298703249764,0.028679175411953646,0.152388334274292,0.000744403523105361,0.6605599207036635,1.1035258998302797e-05,0,{}
161,0.2529012984037399,0.24405384838581085,0.0019752002554014325,0.02378969483077526,0.00016802691126940772,valid_tail_composite,0.6524354815483093,0.5942125600927016,0.028047845808460432,0.14870358565274408,0.000756133598556249,0.6524354815483093,1.0742299253361992e-05,0,{}
162,0.25193847954273224,0.243015998005867,0.00196574910543859,0.023971465826034547,0.0001857637506327592,valid_tail_composite,0.6592665069243487,0.5992836952209473,0.02864275357740767,0.15295389820547664,0.0009605328420601675,0.6592665069243487,1.0463770434749968e-05,0,{}
163,0.24831082105636595,0.2397037535905838,0.001950843040831387,0.023079768270254136,0.0001853107722126879,valid_tail_composite,0.6540372827473808,0.5962818124715019,0.02751756930614219,0.14772215485572815,0.0007322678489692728,0.6540372827473808,1.0199765460693842e-05,0,{}
164,0.2549095756063859,0.24627583101391792,0.002077965710971815,0.023106454793984692,0.00017452587962907273,valid_tail_composite,0.6555319533628576,0.5975664608618793,0.02772338009055923,0.14803784165312261,0.0008100833288421307,0.6555319533628576,9.950372404213332e-06,1,"{""nonfinite_grad"": 1}"
165,0.25212580561637876,0.2436325407028198,0.0018670500325970352,0.02283224530518055,0.00017143162520369515,valid_tail_composite,0.6426489458364599,0.5865006446838379,0.026187258060364163,0.1436392178430277,0.0008494997951749931,0.6426489458364599,9.715674463739295e-06,0,{}
166,0.25168200850486755,0.24271279335021972,0.0021227170061320065,0.0240524759888649,0.00016840660158777608,valid_tail_composite,0.6553905781577615,0.5998536944389343,0.026679102879236725,0.14209299227770636,0.0006246836710488424,0.6553905781577615,9.495749935358441e-06,0,{}
167,0.2504375970363617,0.24152844429016113,0.002109128599986434,0.023824342861771583,0.00019841230125166475,valid_tail_composite,0.6368588454583112,0.5815505613298977,0.0274213502621826,0.14061416597927318,0.0008120616933892426,0.6368588454583112,9.290672186693469e-06,0,{}
168,0.24561793863773346,0.2367524492740631,0.0019125455105677247,0.023901599198579787,0.00015656065748771654,valid_tail_composite,0.6363915029694053,0.5813978735138389,0.029003156513413963,0.1385901508962407,0.0009152484794065137,0.6363915029694053,9.100509632427357e-06,0,{}
169,0.253025997877121,0.24436100602149963,0.002046668482944369,0.02320683091878891,0.0001776918285759166,valid_tail_composite,0.6357064036762013,0.5795561846564797,0.02783899162622059,0.14277664615827448,0.0008141242698697812,0.6357064036762013,8.92532571147995e-06,0,{}
170,0.24880863070487977,0.2402540397644043,0.0018872221955098213,0.022963286489248277,0.00018666430318262428,valid_tail_composite,0.645699820097755,0.5911473982474383,0.02754755109986838,0.1386117159443743,0.0007050692776615239,0.645699820097755,8.765178865844562e-06,0,{}
171,0.24742924571037292,0.23846058309078216,0.001920914778020233,0.02411553271114826,0.00019205533055355773,valid_tail_composite,0.636655775939717,0.5825423808658824,0.026832479107029298,0.13746241830727635,0.000846737581442165,0.636655775939717,8.62012252109146e-06,0,{}
172,0.2475809186697006,0.23847779750823975,0.0021067035663872957,0.024347259402275084,0.00021365430671721697,valid_tail_composite,0.6484308102551628,0.5947544224121991,0.02665825204595047,0.1364603117108345,0.0007781802953960484,0.6484308102551628,8.490205068544929e-06,0,{}
173,0.24679739892482758,0.23798067450523377,0.002032765937037766,0.02365334153175354,0.00017533276113681495,valid_tail_composite,0.6369812208063462,0.5833773998653188,0.02667071286808042,0.13615455785218408,0.0008207615336526514,0.6369812208063462,8.375469849139752e-06,0,{}
174,0.24945180892944335,0.2408009225130081,0.0020338987931609155,0.023179185390472413,0.0001751912001054734,valid_tail_composite,0.6334240681984845,0.5807534491314608,0.02580874040722847,0.13410726715536678,0.0007617624659734942,0.6334240681984845,8.27595513896249e-06,0,{}
175,0.24659400701522827,0.237844118475914,0.002076879895757884,0.023435098752379417,0.00017630787391681224,valid_tail_composite,0.6277479459257687,0.5743652494514689,0.02829906640245634,0.13463721511995091,0.0007998088583596708,0.6277479459257687,8.191694136482465e-06,0,{}
176,0.24729007720947266,0.23864276349544525,0.001990579736884683,0.02319439634680748,0.0001748755600419827,valid_tail_composite,0.6298424917108872,0.579492086873335,0.026147525209714386,0.12716075953315287,0.0008195254417574581,0.6298424917108872,8.122714951476625e-06,0,{}
177,0.24971828043460845,0.24114168405532838,0.0017931765713728965,0.023112644143402576,0.00017137830203864724,valid_tail_composite,0.6303496641271255,0.5798589499557719,0.027689750744577718,0.12698083721539555,0.0006792926176464843,0.6303496641271255,8.069040595652016e-06,0,{}
178,0.24953408122062684,0.24068236529827117,0.002028679233044386,0.023746280297636986,0.0001797139650443569,valid_tail_composite,0.6144370331483728,0.5634755404556498,0.025701555094736463,0.12930015869000377,0.0007548246674773776,0.6144370331483728,8.03068897496899e-06,0,{}
179,0.2443476778268814,0.2356477653980255,0.002030533887445927,0.02327964872121811,0.00019457450252957642,valid_tail_composite,0.6255181677201215,0.5766741247738109,0.024286879719618487,0.12426059386309456,0.0006606102174641017,0.6255181677201215,8.007672883667723e-06,0,{}
180,0.24742203414440156,0.23873591005802156,0.0019155230838805437,0.023374537751078606,0.00016258030314929782,valid_tail_composite,0.6134792145560769,0.5639924967990202,0.025809157858876622,0.12514929254265392,0.0006968544976724148,0.6134792145560769,8.000000000000001e-06,0,{}
